entity_id,entity_type,canonical_name,original_name,source_doc_id,method,confidence,evidence
CoQuan:chính phủ,CoQuan,Chính phủ,Chính phủ,112025,metadata,1.0,metadata.csv: Chính phủ
NguoiKy:nguyễn xuân phúc,NguoiKy,Nguyễn Xuân Phúc,Nguyễn Xuân Phúc,112025,metadata,1.0,metadata.csv: Nguyễn Xuân Phúc
LinhVuc:chưa phân loại,LinhVuc,Chưa phân loại,Chưa phân loại,112025,metadata,1.0,metadata.csv: Chưa phân loại
"DoiTuongApDung:các cổ đông (hoặc thành viên) đã sở hữu từ 10% vốn điều lệ trở lên của doanh nghiệp bảo hiểm, doanh nghiệp môi giới bảo hiểm trước khi tăng vốn và không áp dụng đối với trường hợp",DoiTuongApDung,"các cổ đông (hoặc thành viên) đã sở hữu từ 10% vốn điều lệ trở lên của doanh nghiệp bảo hiểm, doanh nghiệp môi giới bảo hiểm trước khi tăng vốn và không áp dụng đối với trường hợp","các cổ đông (hoặc thành viên) đã sở hữu từ 10% vốn điều lệ trở lên của doanh nghiệp bảo hiểm, doanh nghiệp môi giới bảo hiểm trước khi tăng vốn và không áp dụng đối với trường hợp",112025,rule,0.85,"ệu chứng minh các cổ đông (hoặc thành viên) này đáp ứng điều kiện quy định tại Điều 7, Điều 8, Điều 9 Nghị định này (tương ứng với từng loại hình doanh nghiệp). Quy định này không áp dụng đối với các cổ đông (hoặc thành viên) đã sở hữu từ 10% vốn điều lệ trở lên của doanh nghiệp bảo hiểm, doanh nghiệp môi giới bảo hiểm trước khi tăng vốn và không áp dụng đối với trường hợp tăng vốn điều lệ theo phương thức chào bán cổ phần ra công chúng, chào bán cổ phần của công ty cổ phần niêm yết và đại chúng. 2. Hồ sơ đề nghị Bộ Tài chính chấp thuận về nguyên tắc để giảm vốn điều lệ (đối với doanh nghi"
DoiTuongApDung:trường hợp chuyển nhượng dưới 10% vốn điều lệ),DoiTuongApDung,trường hợp chuyển nhượng dưới 10% vốn điều lệ),trường hợp chuyển nhượng dưới 10% vốn điều lệ),112025,rule,0.85,"yền và lợi ích hợp pháp của bên mua bảo hiểm, người lao động và Nhà nước; b) Tuân thủ các quy định pháp luật có liên quan; c) Có sự chấp thuận bằng văn bản của Bộ Tài chính (không áp dụng đối với trường hợp chuyển nhượng dưới 10% vốn điều lệ); d) Tổ chức, cá nhân dự kiến góp vốn vào doanh nghiệp bảo hiểm, chi nhánh nước ngoài, doanh nghiệp môi giới bảo hiểm sau khi chia, tách, hợp nhất, sáp nhập, chuyển đổi hình thức, chuyển nhượng cổ phần, phần vốn góp phải"
DoiTuongApDung:chi nhánh nước ngoài),DoiTuongApDung,chi nhánh nước ngoài),chi nhánh nước ngoài),112025,rule,0.85,"a hạn; b) Tự nguyện giải thể, chấm dứt hoạt động nếu có khả năng thanh toán các khoản nợ; c) Bị thu hồi Giấy phép; d) Mất khả năng thanh toán theo quyết định của Bộ Tài chính (chỉ áp dụng đối với chi nhánh nước ngoài); đ) Doanh nghiệp bảo hiểm phi nhân thọ nước ngoài bị rút Giấy phép, hết thời hạn hoạt động hoặc bị giải thể, phá sản (chỉ áp dụng đối với chi nhánh nước ngoài). 2. Hồ sơ giải thể của doanh nghiệp bảo hiểm, doanh nghiệp"
DoiTuongApDung:việc gửi tiền vào các tổ chức tín dụng và nguồn vốn đầu tư ra nước ngoài dưới hình thức thành lập doanh nghiệp hoặc thành lập chi nhánh tại nước ngoài),DoiTuongApDung,việc gửi tiền vào các tổ chức tín dụng và nguồn vốn đầu tư ra nước ngoài dưới hình thức thành lập doanh nghiệp hoặc thành lập chi nhánh tại nước ngoài),việc gửi tiền vào các tổ chức tín dụng và nguồn vốn đầu tư ra nước ngoài dưới hình thức thành lập doanh nghiệp hoặc thành lập chi nhánh tại nước ngoài),112025,rule,0.85,"iên) là tổ chức tín dụng; d) Không được đầu tư quá 30% nguồn vốn đầu tư vào các công ty trong cùng một tập đoàn hay một nhóm công ty có quan hệ sở hữu lẫn nhau (quy định này không áp dụng đối với việc gửi tiền vào các tổ chức tín dụng và nguồn vốn đầu tư ra nước ngoài dưới hình thức thành lập doanh nghiệp hoặc thành lập chi nhánh tại nước ngoài); đ) Trường hợp ủy thác đầu tư, tổ chức nhận ủy thác phải được cơ quan có thẩm quyền cấp phép thực hiện hoạt động nhận ủy thác đầu tư phù hợp với nội dung nhận ủy thác đầu tư. Điều 60. Đầu tư từ nguồn vốn chủ sở hữu 1. V"
DoiTuongApDung:năm tài chính,DoiTuongApDung,năm tài chính,năm tài chính,112025,rule,0.85,"(trừ doanh nghiệp tái bảo hiểm) phải trích nộp Quỹ bảo vệ người được bảo hiểm. 2. Trước ngày 30 tháng 4 hàng năm, Bộ Tài chính công bố mức trích nộp Quỹ bảo vệ người được bảo hiểm áp dụng cho năm tài chính. Mức trích nộp tối đa không vượt quá 0,3% tổng doanh thu phí bảo hiểm giữ lại của các hợp đồng bảo hiểm gốc trong năm tài chính trước liền kề của doanh nghiệp bảo hiểm, chi nhánh nước ngoài. 3. Trước ngày 30 tháng 6 hàn"
"DoiTuongApDung:từng người được bảo hiểm, trừ trường hợp giữa những người được bảo hiểm và doanh nghiệp bảo hiểm có thỏa thuận khác tại hợp đồng bảo hiểm",DoiTuongApDung,"từng người được bảo hiểm, trừ trường hợp giữa những người được bảo hiểm và doanh nghiệp bảo hiểm có thỏa thuận khác tại hợp đồng bảo hiểm","từng người được bảo hiểm, trừ trường hợp giữa những người được bảo hiểm và doanh nghiệp bảo hiểm có thỏa thuận khác tại hợp đồng bảo hiểm",112025,rule,0.85,"ản; đ) Trong trường hợp hợp đồng bảo hiểm nhân thọ có nhiều người được bảo hiểm, hạn mức chi trả tối đa của Quỹ quy định tại điểm a, điểm b, điểm c và điểm d khoản 1 Điều này được áp dụng đối với từng người được bảo hiểm, trừ trường hợp giữa những người được bảo hiểm và doanh nghiệp bảo hiểm có thỏa thuận khác tại hợp đồng bảo hiểm. 2. Đối với hợp đồng bảo hiểm sức khỏe: a) Quỹ chi trả tối đa 90% mức trách nhiệm của doanh nghiệp bảo hiểm, chi nhánh nước ngoài nhưng không quá 200 triệu đồng/người được bảo hiểm/hợp đồng; b) Trong trường hợp hợp đồng"
"DoiTuongApDung:từng người được bảo hiểm, trừ trường hợp giữa những người được bảo hiểm và doanh nghiệp bảo hiểm, chi nhánh nước ngoài có thỏa thuận khác tại hợp đồng bảo hiểm",DoiTuongApDung,"từng người được bảo hiểm, trừ trường hợp giữa những người được bảo hiểm và doanh nghiệp bảo hiểm, chi nhánh nước ngoài có thỏa thuận khác tại hợp đồng bảo hiểm","từng người được bảo hiểm, trừ trường hợp giữa những người được bảo hiểm và doanh nghiệp bảo hiểm, chi nhánh nước ngoài có thỏa thuận khác tại hợp đồng bảo hiểm",112025,rule,0.85,"người được bảo hiểm/hợp đồng; b) Trong trường hợp hợp đồng bảo hiểm sức khỏe có nhiều người được bảo hiểm, hạn mức chi trả tối đa của Quỹ quy định tại điểm a khoản 2 Điều này được áp dụng đối với từng người được bảo hiểm, trừ trường hợp giữa những người được bảo hiểm và doanh nghiệp bảo hiểm, chi nhánh nước ngoài có thỏa thuận khác tại hợp đồng bảo hiểm. 3. Đối với hợp đồng bảo hiểm phi nhân thọ: a) Đối với hợp đồng bảo hiểm bắt buộc trách nhiệm dân sự của chủ xe cơ giới, Quỹ chi trả tối đa mức trách nhiệm của doanh nghiệp bảo hiểm, chi nhánh nước ngoài thuộc phạm vi b"
CoQuan:bộ tài chính,CoQuan,Bộ Tài chính,Bộ Tài chính,112025,openclaw0,0.99,Theo đề nghị của Bộ trưởng Bộ Tài chính
CoQuan:hiệp hội bảo hiểm việt nam,CoQuan,Hiệp hội bảo hiểm Việt Nam,Hiệp hội bảo hiểm Việt Nam,112025,openclaw0,0.98,Nhà nước tạo điều kiện để Hiệp hội bảo hiểm Việt Nam và các tổ chức xã hội - nghề nghiệp tăng cường vai trò tự quản trong lĩnh vực bảo hiểm
DoiTuongApDung:doanh nghiệp bảo hiểm,DoiTuongApDung,Doanh nghiệp bảo hiểm,Doanh nghiệp bảo hiểm,112025,openclaw0,0.99,Nghị định này áp dụng đối với: a) Doanh nghiệp bảo hiểm;
DoiTuongApDung:chi nhánh nước ngoài,DoiTuongApDung,Chi nhánh nước ngoài,Chi nhánh nước ngoài,112025,openclaw0,0.99,b) Chi nhánh nước ngoài;
DoiTuongApDung:doanh nghiệp môi giới bảo hiểm,DoiTuongApDung,Doanh nghiệp môi giới bảo hiểm,Doanh nghiệp môi giới bảo hiểm,112025,openclaw0,0.99,"c) Doanh nghiệp môi giới bảo hiểm, đại lý bảo hiểm;"
DoiTuongApDung:đại lý bảo hiểm,DoiTuongApDung,Đại lý bảo hiểm,Đại lý bảo hiểm,112025,openclaw0,0.99,"c) Doanh nghiệp môi giới bảo hiểm, đại lý bảo hiểm;"
"DoiTuongApDung:các tổ chức, cá nhân khác có liên quan",DoiTuongApDung,"Các tổ chức, cá nhân khác có liên quan","Các tổ chức, cá nhân khác có liên quan",112025,openclaw0,0.99,"d) Các tổ chức, cá nhân khác có liên quan."
LinhVuc:kinh doanh bảo hiểm,LinhVuc,Kinh doanh bảo hiểm,Kinh doanh bảo hiểm,112025,openclaw0,0.99,"NGHỊ ĐỊNH QUY ĐỊNH CHI TIẾT THI HÀNH LUẬT KINH DOANH BẢO HIỂM VÀ LUẬT SỬA ĐỔI, BỔ SUNG MỘT SỐ ĐIỀU CỦA LUẬT KINH DOANH BẢO HIỂM"
LinhVuc:bảo hiểm nhân thọ,LinhVuc,Bảo hiểm nhân thọ,Bảo hiểm nhân thọ,112025,openclaw0,0.99,Thành lập và hoạt động của các doanh nghiệp bảo hiểm nhân thọ
LinhVuc:bảo hiểm phi nhân thọ,LinhVuc,Bảo hiểm phi nhân thọ,Bảo hiểm phi nhân thọ,112025,openclaw0,0.99,doanh nghiệp bảo hiểm phi nhân thọ
LinhVuc:bảo hiểm sức khỏe,LinhVuc,Bảo hiểm sức khỏe,Bảo hiểm sức khỏe,112025,openclaw0,0.99,doanh nghiệp bảo hiểm sức khỏe
LinhVuc:tái bảo hiểm,LinhVuc,Tái bảo hiểm,Tái bảo hiểm,112025,openclaw0,0.99,doanh nghiệp tái bảo hiểm
LinhVuc:môi giới bảo hiểm,LinhVuc,Môi giới bảo hiểm,Môi giới bảo hiểm,112025,openclaw0,0.99,doanh nghiệp môi giới bảo hiểm
LinhVuc:đại lý bảo hiểm,LinhVuc,Đại lý bảo hiểm,Đại lý bảo hiểm,112025,openclaw0,0.99,đại lý bảo hiểm
LinhVuc:cung cấp dịch vụ bảo hiểm qua biên giới,LinhVuc,Cung cấp dịch vụ bảo hiểm qua biên giới,Cung cấp dịch vụ bảo hiểm qua biên giới,112025,openclaw0,0.99,cung cấp dịch vụ bảo hiểm qua biên giới
LinhVuc:quản lý tài chính trong lĩnh vực bảo hiểm,LinhVuc,Quản lý tài chính trong lĩnh vực bảo hiểm,Quản lý tài chính trong lĩnh vực bảo hiểm,112025,openclaw0,0.98,"Chế độ quản lý tài chính đối với các doanh nghiệp bảo hiểm, chi nhánh nước ngoài, doanh nghiệp môi giới bảo hiểm"
CoQuan:bộ tài chính,CoQuan,Bộ Tài chính,Bộ Tài chính,112924,metadata,1.0,metadata.csv: Bộ Tài chính
NguoiKy:trần xuân hà,NguoiKy,Trần Xuân Hà,Trần Xuân Hà,112924,metadata,1.0,metadata.csv: Trần Xuân Hà
LinhVuc:chưa phân loại,LinhVuc,Chưa phân loại,Chưa phân loại,112924,metadata,1.0,metadata.csv: Chưa phân loại
"DoiTuongApDung:tổ chức kinh doanh chứng khoán, quỹ đầu tư chứng khoán, công ty đầu tư chứng khoán, doanh nghiệp kinh doanh bảo hiểm và các cơ quan, tổ chức, cá nhân có liên quan đến hoạt động đầu",DoiTuongApDung,"tổ chức kinh doanh chứng khoán, quỹ đầu tư chứng khoán, công ty đầu tư chứng khoán, doanh nghiệp kinh doanh bảo hiểm và các cơ quan, tổ chức, cá nhân có liên quan đến hoạt động đầu","tổ chức kinh doanh chứng khoán, quỹ đầu tư chứng khoán, công ty đầu tư chứng khoán, doanh nghiệp kinh doanh bảo hiểm và các cơ quan, tổ chức, cá nhân có liên quan đến hoạt động đầu",112924,rule,0.85,"ng ty đầu tư chứng khoán, doanh nghiệp kinh doanh bảo hiểm và hoạt động nhận ủy thác đầu tư gián tiếp ra nước ngoài của công ty quản lý quỹ. Điều 2. Đối tượng áp dụng Thông tư này áp dụng đối với tổ chức kinh doanh chứng khoán, quỹ đầu tư chứng khoán, công ty đầu tư chứng khoán, doanh nghiệp kinh doanh bảo hiểm và các cơ quan, tổ chức, cá nhân có liên quan đến hoạt động đầu tư gián tiếp ra nước ngoài. Điều 3. Giải thích từ ngữ Ngoài các từ ngữ đã được giải thích trong Nghị định số 135/2015/NĐ-CP ngày 31/12/2015 của Chính phủ quy định về đầu tư gián tiếp ra nước ngoài (sau đây gọi là Nghị đ"
"DoiTuongApDung:trường hợp quy định tại khoản 1, điểm b khoản 4 điều này)",DoiTuongApDung,"trường hợp quy định tại khoản 1, điểm b khoản 4 Điều này)","trường hợp quy định tại khoản 1, điểm b khoản 4 Điều này)",112924,rule,0.85,"về quyết định thu hồi giấy chứng nhận đăng ký hoạt động nhận ủy thác đầu tư gián tiếp ra nước ngoài; b) Không ký mới, gia hạn các hợp đồng ủy thác đầu tư gián tiếp ra nước ngoài (áp dụng đối với trường hợp quy định tại khoản 1, điểm b khoản 4 Điều này); c) Chấm dứt việc giao dịch và quản lý tài sản ở nước ngoài, trừ các giao dịch với mục đích tất toán danh mục đầu tư của khách hàng ủy thác; d) Thực hiện thanh lý các hợp đồng ủy thác đầu tư, tất toán tài khoản danh mục"
CoQuan:ngân hàng nhà nước việt nam,CoQuan,Ngân hàng Nhà nước Việt Nam,Ngân hàng Nhà nước Việt Nam,117310,metadata,1.0,metadata.csv: Ngân hàng Nhà nước Việt Nam
NguoiKy:nguyễn đồng tiến,NguoiKy,Nguyễn Đồng Tiến,Nguyễn Đồng Tiến,117310,metadata,1.0,metadata.csv: Nguyễn Đồng Tiến
"LinhVuc:thanh tra, giám sát ngân hàng",LinhVuc,"Thanh tra, giám sát ngân hàng","Thanh tra, giám sát ngân hàng",117310,metadata,1.0,"metadata.csv: Thanh tra, giám sát ngân hàng"
DoiTuongApDung:các ngân hàng được đặt vào kiểm soát đặc biệt,DoiTuongApDung,các ngân hàng được đặt vào kiểm soát đặc biệt,các ngân hàng được đặt vào kiểm soát đặc biệt,117310,rule,0.85,"ân hàng: Ngân hàng thương mại nhà nước, ngân hàng thương mại cổ phần, ngân hàng liên doanh, ngân hàng 100% vốn nước ngoài; b) Chi nhánh ngân hàng nước ngoài. 3. Thông tư này không áp dụng đối với các ngân hàng được đặt vào kiểm soát đặc biệt. Điều 2. Giải thích từ ngữ Trong Thông tư này, các từ ngữ dưới đây được hiểu như sau: 1. Tài sản tài chính là các loại tài sản sau: a) Tiền mặt; b) Công cụ vốn chủ sở hữu của đơn vị khác; c) Quyền theo hợp đồng để: (i)"
DoiTuongApDung:khách hàng đó,DoiTuongApDung,khách hàng đó,khách hàng đó,117310,rule,0.85,"của các doanh nghiệp xếp hạng tín nhiệm độc lập khác nhau thì ngân hàng, chi nhánh ngân hàng nước ngoài phải sử dụng thứ hạng tín nhiệm tương ứng hệ số rủi ro tín dụng cao nhất để áp dụng đối với khách hàng đó; c) Không sử dụng thứ hạng tín nhiệm của tập đoàn để áp dụng hệ số rủi ro tín dụng đối với công ty con, công ty liên kết trong tập đoàn đó; d) Chỉ sử dụng thứ hạng tín nhiệm để áp dụng hệ số rủi ro đối với xếp hạng tín"
DoiTuongApDung:khoản phải đòi đó,DoiTuongApDung,khoản phải đòi đó,khoản phải đòi đó,117310,rule,0.85,"của các doanh nghiệp xếp hạng tín nhiệm độc lập khác nhau thì ngân hàng, chi nhánh ngân hàng nước ngoài phải sử dụng thứ hạng tín nhiệm tương ứng hệ số rủi ro tín dụng cao nhất để áp dụng đối với khoản phải đòi đó; g) Trường hợp khoản phải đòi không có thứ hạng tín nhiệm thì ngân hàng, chi nhánh ngân hàng nước ngoài áp dụng theo thứ tự như sau: (i) Nếu khách hàng, đối tác có các khoản phải đòi, nợ phải trả tài chính khác có thứ h"
"DoiTuongApDung:các doanh nghiệp không cung cấp báo cáo tài chính cho ngân hàng, chi nhánh ngân hàng nước ngoài để tính các chỉ tiêu doanh thu, tỷ lệ đòn bảy, vốn chủ sở hữu",DoiTuongApDung,"các doanh nghiệp không cung cấp Báo cáo tài chính cho ngân hàng, chi nhánh ngân hàng nước ngoài để tính các chỉ tiêu doanh thu, tỷ lệ đòn bảy, vốn chủ sở hữu","các doanh nghiệp không cung cấp Báo cáo tài chính cho ngân hàng, chi nhánh ngân hàng nước ngoài để tính các chỉ tiêu doanh thu, tỷ lệ đòn bảy, vốn chủ sở hữu",117310,rule,0.85,"100% 80% 60% 50% Tỷ lệ đòn bẩy từ 25% đến 50% 125% 110% 95% 80% Tỷ lệ đòn bẩy trên 50% 160% 150% 140% 120% Vốn chủ sở hữu âm hoặc bằng 0 250% (ii) Hệ số rủi ro tín dụng 200% được áp dụng đối với các doanh nghiệp không cung cấp Báo cáo tài chính cho ngân hàng, chi nhánh ngân hàng nước ngoài để tính các chỉ tiêu doanh thu, tỷ lệ đòn bảy, vốn chủ sở hữu; (iii) Đối với các doanh nghiệp thành lập mới (không bao gồm các trường hợp thành lập do tổ chức lại, chuyển đổi hình thức pháp lý,...), hoạt động chưa được 01 năm, hệ số rủi ro tín dụng là 150%. c) Đối với khoản cấp tí"
DoiTuongApDung:khoản phải đòi được bảo đảm bằng bất động sản không kinh doanh theo chỉ tiêu tỷ lệ bảo đảm (ltv) như sau: ltv ltv dưới 40% ltv từ 40% trở lên đến dưới 60% ltv từ 60% trở lên đến dư,DoiTuongApDung,khoản phải đòi được bảo đảm bằng bất động sản không kinh doanh theo chỉ tiêu Tỷ lệ bảo đảm (LTV) như sau: LTV LTV dưới 40% LTV từ 40% trở lên đến dưới 60% LTV từ 60% trở lên đến dư,khoản phải đòi được bảo đảm bằng bất động sản không kinh doanh theo chỉ tiêu Tỷ lệ bảo đảm (LTV) như sau: LTV LTV dưới 40% LTV từ 40% trở lên đến dưới 60% LTV từ 60% trở lên đến dư,117310,rule,0.85,"hi ngân hàng, chi nhánh ngân hàng nước ngoài có thông tin giá trị của tài sản bảo đảm bị suy giảm trên 30% so với giá trị tại thời điểm xác định gần nhất. b) Hệ số rủi ro tín dụng áp dụng đối với khoản phải đòi được bảo đảm bằng bất động sản không kinh doanh theo chỉ tiêu Tỷ lệ bảo đảm (LTV) như sau: LTV LTV dưới 40% LTV từ 40% trở lên đến dưới 60% LTV từ 60% trở lên đến dưới 80% LTV từ 80% trở lên đến dưới 90% LTV từ 90% trở lên đến dưới 100% LTV từ 100% trở lên Hệ số rủi ro 30% 40% 50% 70% 80% 100% c) Đối với khoản phải đòi được đảm bảo bằng bất động sản kinh doanh, hệ số rủi ro tín dụng"
"DoiTuongApDung:khoản phải đòi được đảm bảo bằng bất động sản mà ngân hàng, chi nhánh ngân hàng nước ngoài không có thông tin về tỷ lệ bảo đảm (ltv)",DoiTuongApDung,"khoản phải đòi được đảm bảo bằng bất động sản mà ngân hàng, chi nhánh ngân hàng nước ngoài không có thông tin về Tỷ lệ bảo đảm (LTV)","khoản phải đòi được đảm bảo bằng bất động sản mà ngân hàng, chi nhánh ngân hàng nước ngoài không có thông tin về Tỷ lệ bảo đảm (LTV)",117310,rule,0.85,"xác định riêng cho từng bất động sản kinh doanh và bất động sản không kinh doanh tương ứng theo tỷ lệ tổng diện tích mặt bằng của bất động sản; đ) Hệ số rủi ro tín dụng 150% được áp dụng đối với khoản phải đòi được đảm bảo bằng bất động sản mà ngân hàng, chi nhánh ngân hàng nước ngoài không có thông tin về Tỷ lệ bảo đảm (LTV); e) Hệ số rủi ro tín dụng 200% được áp dụng đối với tài sản là khoản cấp tín dụng tài trợ dự án kinh doanh bất động sản. 11. Đối với tài sản là khoản cho vay thế chấp nhà, ngân hàng, chi nhánh ngân hàng nước ngoài thực"
DoiTuongApDung:tài sản là khoản cấp tín dụng tài trợ dự án kinh doanh bất động sản,DoiTuongApDung,tài sản là khoản cấp tín dụng tài trợ dự án kinh doanh bất động sản,tài sản là khoản cấp tín dụng tài trợ dự án kinh doanh bất động sản,117310,rule,0.85,"ng đối với khoản phải đòi được đảm bảo bằng bất động sản mà ngân hàng, chi nhánh ngân hàng nước ngoài không có thông tin về Tỷ lệ bảo đảm (LTV); e) Hệ số rủi ro tín dụng 200% được áp dụng đối với tài sản là khoản cấp tín dụng tài trợ dự án kinh doanh bất động sản. 11. Đối với tài sản là khoản cho vay thế chấp nhà, ngân hàng, chi nhánh ngân hàng nước ngoài thực hiện như sau: a) Xác định Tỷ lệ bảo đảm (LTV) theo quy định tại khoản 10 Điều này và Tỷ lệ thu nhập (viết tắt là DSC) đố"
DoiTuongApDung:khoản cho vay thế chấp nhà ở theo tỷ lệ bảo đảm (ltv) và tỷ lệ thu nhập (dsc) như sau: các khoản cho vay thế chấp nhà ở ltv dưới 40% ltv từ 40% trở lên đến dưới 60% ltv từ 60% trở,DoiTuongApDung,khoản cho vay thế chấp nhà ở theo Tỷ lệ bảo đảm (LTV) và Tỷ lệ thu nhập (DSC) như sau: Các khoản cho vay thế chấp nhà ở LTV dưới 40% LTV từ 40% trở lên đến dưới 60% LTV từ 60% trở,khoản cho vay thế chấp nhà ở theo Tỷ lệ bảo đảm (LTV) và Tỷ lệ thu nhập (DSC) như sau: Các khoản cho vay thế chấp nhà ở LTV dưới 40% LTV từ 40% trở lên đến dưới 60% LTV từ 60% trở,117310,rule,0.85,"hộ gia đình. (ii) Tỷ lệ thu nhập (DSC) phải được xác định lại khi ngân hàng, chi nhánh ngân hàng nước ngoài có thông tin thay đổi về tổng thu nhập của khách hàng. b) Hệ số rủi ro áp dụng cho khoản cho vay thế chấp nhà ở theo Tỷ lệ bảo đảm (LTV) và Tỷ lệ thu nhập (DSC) như sau: Các khoản cho vay thế chấp nhà ở LTV dưới 40% LTV từ 40% trở lên đến dưới 60% LTV từ 60% trở lên đến dưới 80% LTV từ 80% trở lên đến dưới 90% LTV từ 90% trở lên đến LTV từ 100% trở lên dưới 100% DSC từ 35% trở xuống 25% 30% 40% 50% 60% 80% DSC trên 35% 30% 40% 50% 70% 80% 100% c) Hệ số rủi ro tín dụng 200% được"
"DoiTuongApDung:khoản cho vay thế chấp nhà mà ngân hàng, chi nhánh ngân hàng nước ngoài không có thông tin về tỷ lệ bảo đảm (ltv) và/hoặc tỷ lệ thu nhập (dsc)",DoiTuongApDung,"khoản cho vay thế chấp nhà mà ngân hàng, chi nhánh ngân hàng nước ngoài không có thông tin về Tỷ lệ bảo đảm (LTV) và/hoặc Tỷ lệ thu nhập (DSC)","khoản cho vay thế chấp nhà mà ngân hàng, chi nhánh ngân hàng nước ngoài không có thông tin về Tỷ lệ bảo đảm (LTV) và/hoặc Tỷ lệ thu nhập (DSC)",117310,rule,0.85,"dưới 90% LTV từ 90% trở lên đến LTV từ 100% trở lên dưới 100% DSC từ 35% trở xuống 25% 30% 40% 50% 60% 80% DSC trên 35% 30% 40% 50% 70% 80% 100% c) Hệ số rủi ro tín dụng 200% được áp dụng đối với khoản cho vay thế chấp nhà mà ngân hàng, chi nhánh ngân hàng nước ngoài không có thông tin về Tỷ lệ bảo đảm (LTV) và/hoặc Tỷ lệ thu nhập (DSC). 12. Đối với tài sản là danh mục cấp tín dụng bán lẻ, hệ số rủi ro tín dụng là 75%. 13. Đối với khoản nợ xấu, hệ số rủi ro tín dụng áp dụng như sau: a) Đối với khoản nợ xấu có dự phòng cụ thể nhỏ hơn 20% giá trị của kho"
"DoiTuongApDung:các giao dịch phát hành hoặc xác nhận thư tín dụng thương mại dựa trên chứng từ vận tải, có thời hạn gốc từ 1 năm trở xuống",DoiTuongApDung,"các giao dịch phát hành hoặc xác nhận thư tín dụng thương mại dựa trên chứng từ vận tải, có thời hạn gốc từ 1 năm trở xuống","các giao dịch phát hành hoặc xác nhận thư tín dụng thương mại dựa trên chứng từ vận tải, có thời hạn gốc từ 1 năm trở xuống",117310,rule,0.85,"tự động hủy ngang khi khách hàng vi phạm điều kiện hủy ngang hoặc suy giảm khả năng thực hiện nghĩa vụ; b) Hạn mức tín dụng chưa sử dụng của thẻ tín dụng. 2. Hệ số chuyển đổi 20% áp dụng đối với các giao dịch phát hành hoặc xác nhận thư tín dụng thương mại dựa trên chứng từ vận tải, có thời hạn gốc từ 1 năm trở xuống. 3. Hệ số chuyển đổi 50% áp dụng đối với: a) Các giao dịch phát hành hoặc xác nhận thư tín dụng thương mại dựa trên chứng từ vận tải, có thời hạn gốc trên 1 năm; b) Nợ tiềm tàng dựa trên hoạt động cụ thể (ví dụ: bảo lãn"
DoiTuongApDung:: a) các cam kết ngoại bảng tương đương khoản cho vay (ví dụ: cam kết cho vay không hủy ngang là cam kết cho vay không thể hủy bỏ hoặc thay đổi dưới bất kỳ hình thức nào đối với nh,DoiTuongApDung,: a) Các cam kết ngoại bảng tương đương khoản cho vay (ví dụ: cam kết cho vay không hủy ngang là cam kết cho vay không thể hủy bỏ hoặc thay đổi dưới bất kỳ hình thức nào đối với nh,: a) Các cam kết ngoại bảng tương đương khoản cho vay (ví dụ: cam kết cho vay không hủy ngang là cam kết cho vay không thể hủy bỏ hoặc thay đổi dưới bất kỳ hình thức nào đối với nh,117310,rule,0.85,"thể (ví dụ: bảo lãnh thực hiện hợp đồng, bảo lãnh dự thầu, thư tín dụng dự phòng cho hoạt động cụ thể); c) Bảo lãnh phát hành chứng khoán, giấy tờ có giá. 4. Hệ số chuyển đổi 100% áp dụng đối với : a) Các cam kết ngoại bảng tương đương khoản cho vay (ví dụ: cam kết cho vay không hủy ngang là cam kết cho vay không thể hủy bỏ hoặc thay đổi dưới bất kỳ hình thức nào đối với những cam kết đã được thiết lập, trừ trường hợp phải hủy bỏ hoặc thay đổi theo quy định của pháp luật; các khoản bảo lãnh, thư tín dụng dự phòng bảo đảm nghĩa vụ tài chính cho khoản nợ hoặc trái phiếu; hạn mức tín dụng chư"
"DoiTuongApDung:các tài sản bảo đảm sau đây: a) tiền mặt, giấy tờ có giá, thẻ tiết kiệm do tổ chức tín dụng, chi nhánh ngân hàng nước ngoài phát hành",DoiTuongApDung,"các tài sản bảo đảm sau đây: a) Tiền mặt, giấy tờ có giá, thẻ tiết kiệm do tổ chức tín dụng, chi nhánh ngân hàng nước ngoài phát hành","các tài sản bảo đảm sau đây: a) Tiền mặt, giấy tờ có giá, thẻ tiết kiệm do tổ chức tín dụng, chi nhánh ngân hàng nước ngoài phát hành",117310,rule,0.85,"iao dịch và biện pháp giảm thiểu rủi ro cùng một loại tiền tệ. Điều 12. Giảm thiểu rủi ro tín dụng bằng tài sản bảo đảm 1. Việc giảm thiểu rủi ro tín dụng bằng tài sản bảo đảm chỉ áp dụng đối với các tài sản bảo đảm sau đây: a) Tiền mặt, giấy tờ có giá, thẻ tiết kiệm do tổ chức tín dụng, chi nhánh ngân hàng nước ngoài phát hành; b) Vàng (vàng tiêu chuẩn, vàng vật chất, vàng trang sức với giá trị được chuyển đổi giá trị sang vàng 99.99); c) Giấy tờ có giá do Chính phủ Việt Nam, Ngân hàng Nhà nước phát hành hoặc bảo lãnh thanh toán; d) Chứng kho"
DoiTuongApDung:các bên bảo lãnh quy định tại khoản 2 điều này và phải đáp ứng các điều kiện quy định tại khoản 3 điều này,DoiTuongApDung,các bên bảo lãnh quy định tại khoản 2 Điều này và phải đáp ứng các điều kiện quy định tại khoản 3 Điều này,các bên bảo lãnh quy định tại khoản 2 Điều này và phải đáp ứng các điều kiện quy định tại khoản 3 Điều này,117310,rule,0.85,"i, giao dịch và số dư tiền gửi của khách hàng (H fxl ) là 8%. Điều 14. Giảm thiểu rủi ro tín dụng bằng bảo lãnh của bên thứ ba 1. Việc giảm thiểu rủi ro tín dụng bằng bảo lãnh chỉ áp dụng đối với các bên bảo lãnh quy định tại khoản 2 Điều này và phải đáp ứng các điều kiện quy định tại khoản 3 Điều này. 2. Bên bảo lãnh bao gồm : a) Chính phủ, ngân hàng trung ương, tổ chức công lập của chính phủ, chính quyền địa phương; b) Tổ chức tín dụng, chi nhánh ngân hàng nước ngoài có xếp hạng tín nhiệm BBB- trở lên; c) Doanh ngh"
"DoiTuongApDung:trường hợp tổng giá trị trạng thái ngoại hối ròng (bao gồm cả vàng) của ngân hàng, chi nhánh ngân hàng nước ngoài lớn hơn 2% vốn tự có của ngân hàng, chi nhánh ngân hàng nước ngoài",DoiTuongApDung,"trường hợp tổng giá trị trạng thái ngoại hối ròng (bao gồm cả vàng) của ngân hàng, chi nhánh ngân hàng nước ngoài lớn hơn 2% vốn tự có của ngân hàng, chi nhánh ngân hàng nước ngoài","trường hợp tổng giá trị trạng thái ngoại hối ròng (bao gồm cả vàng) của ngân hàng, chi nhánh ngân hàng nước ngoài lớn hơn 2% vốn tự có của ngân hàng, chi nhánh ngân hàng nước ngoài",117310,rule,0.85,"kèm theo Thông tư này. Vốn yêu cầu cho rủi ro giá cổ phiếu được tính theo hướng dẫn tại Phụ lục 4 ban hành kèm theo Thông tư này. 4. Vốn yêu cầu cho rủi ro ngoại hối (K FXR ) chỉ áp dụng đối với trường hợp tổng giá trị trạng thái ngoại hối ròng (bao gồm cả vàng) của ngân hàng, chi nhánh ngân hàng nước ngoài lớn hơn 2% vốn tự có của ngân hàng, chi nhánh ngân hàng nước ngoài. Vốn yêu cầu cho rủi ro ngoại hối được tính theo hướng dẫn tại Phụ lục 4 ban hành kèm theo Thông tư này. 5. Vốn yêu cầu cho rủi ro giá hàng hóa (K CMR ) được tính theo hướng dẫn tại Phụ lục 4 ban hành kèm theo Thông tư"
CoQuan:chính phủ,CoQuan,Chính phủ,Chính phủ,133858,metadata,1.0,metadata.csv: Chính phủ
NguoiKy:nguyễn xuân phúc,NguoiKy,Nguyễn Xuân Phúc,Nguyễn Xuân Phúc,133858,metadata,1.0,metadata.csv: Nguyễn Xuân Phúc
LinhVuc:chưa phân loại,LinhVuc,Chưa phân loại,Chưa phân loại,133858,metadata,1.0,metadata.csv: Chưa phân loại
CoQuan:bộ tài chính,CoQuan,Bộ Tài chính,Bộ Tài chính,143217,metadata,1.0,metadata.csv: Bộ Tài chính
LinhVuc:chưa phân loại,LinhVuc,Chưa phân loại,Chưa phân loại,143217,metadata,1.0,metadata.csv: Chưa phân loại
DoiTuongApDung:doanh nghiệp căn cứ luật kế toán số 88/2015/qh 13 ngày 20 tháng 11 năm 2015,DoiTuongApDung,doanh nghiệp Căn cứ Luật kế toán số 88/2015/QH 13 ngày 20 tháng 11 năm 2015,doanh nghiệp Căn cứ Luật kế toán số 88/2015/QH 13 ngày 20 tháng 11 năm 2015,143217,rule,0.85,"C BỘ TÀI CHÍNH Số: 66/2020/TT-BTC CỘNG HÒA XÃ HỘI CHỦ NGHĨA VIỆT NAM Độc lập - Tự do - Hạnh phúc Hà Nội, ngày 10 tháng 7 năm 2020 THÔNG TƯ Ban hành Quy chế mẫu về kiểm toán nội bộ áp dụng cho doanh nghiệp Căn cứ Luật kế toán số 88/2015/QH 13 ngày 20 tháng 11 năm 2015; Căn cứ Nghị định số 05/2019/NĐ-CP ngày 22 thảng 01 năm 2019 của Chính phủ về kiếm toán nội bộ; Căn cứ Nghị định số 87/2017/NĐ-CP ngày 26 tháng 7 năm 2017 của Chính phủ quy định chức năng, nhiệm vụ, quyền hạn và cơ cấu"
DoiTuongApDung:doanh nghiệp,DoiTuongApDung,doanh nghiệp,doanh nghiệp,143217,rule,0.85,"u tố chức của Bộ Tài chính; Theo đề nghị của Cục trưởng Cục Quản lý, giám sát kế toán, kiểm toán; Bộ trưởng Bộ Tài chính ban hành Thông tư ban hành Quy chế mẫu về kiếm toán nội bộ áp dụng cho doanh nghiệp. Điều 1. Phạm vi điều chỉnh Thông tư này hướng dẫn mẫu Quy chế kiểm toán nội bộ làm cơ sở cho các đơn vị tham chiếu trong việc xây dựng Quy chế kiểm toán nội bộ của doanh nghiệp. Điều 2. Đối tượng áp dụng 1. Thông tư nà"
DoiTuongApDung:các doanh nghiệp quy định tại khoản 1 điều 10 nghị định số 05/2019/nđ-cp ngày 22 tháng 01 năm 2019 của chính phủ về kiếm toán nội bộ,DoiTuongApDung,các doanh nghiệp quy định tại khoản 1 Điều 10 Nghị định số 05/2019/NĐ-CP ngày 22 tháng 01 năm 2019 của Chính phủ về kiếm toán nội bộ,các doanh nghiệp quy định tại khoản 1 Điều 10 Nghị định số 05/2019/NĐ-CP ngày 22 tháng 01 năm 2019 của Chính phủ về kiếm toán nội bộ,143217,rule,0.85,hướng dẫn mẫu Quy chế kiểm toán nội bộ làm cơ sở cho các đơn vị tham chiếu trong việc xây dựng Quy chế kiểm toán nội bộ của doanh nghiệp. Điều 2. Đối tượng áp dụng 1. Thông tư này áp dụng đối với các doanh nghiệp quy định tại khoản 1 Điều 10 Nghị định số 05/2019/NĐ-CP ngày 22 tháng 01 năm 2019 của Chính phủ về kiếm toán nội bộ. 2. Các doanh nghiệp không thuộc quy định tại khoản 1 Điều này được khuyến khích xây dựng Quy chế kiểm toán nội bộ trên cơ sở tham chiếu mẫu Quy chế kiểm toán nội bộ ban hành kèm theo Thông tư này. Điều 3. Quy chế kiểm
CoQuan:chính phủ,CoQuan,Chính phủ,Chính phủ,146468,metadata,1.0,metadata.csv: Chính phủ
NguoiKy:nguyễn xuân phúc,NguoiKy,Nguyễn Xuân Phúc,Nguyễn Xuân Phúc,146468,metadata,1.0,metadata.csv: Nguyễn Xuân Phúc
LinhVuc:chứng khoán,LinhVuc,Chứng khoán,Chứng khoán,146468,metadata,1.0,metadata.csv: Chứng khoán
"DoiTuongApDung:tổ chức, trừ trường hợp quy định tại khoản 3 và khoản 4 điều 15, khoản 2 và khoản 4 điều 30, khoản 3 và khoản 5 điều 39 nghị định này quy định mức phạt tiền áp dụng đối với cá nhân",DoiTuongApDung,"tổ chức, trừ trường hợp quy định tại khoản 3 và khoản 4 Điều 15, khoản 2 và khoản 4 Điều 30, khoản 3 và khoản 5 Điều 39 Nghị định này quy định mức phạt tiền áp dụng đối với cá nhân","tổ chức, trừ trường hợp quy định tại khoản 3 và khoản 4 Điều 15, khoản 2 và khoản 4 Điều 30, khoản 3 và khoản 5 Điều 39 Nghị định này quy định mức phạt tiền áp dụng đối với cá nhân",146468,rule,0.85,"vi vi phạm khác trong lĩnh vực chứng khoán là 3.000.000.000 đồng đối với tổ chức và 1.500.000.000 đồng đối với cá nhân. 3. Mức phạt tiền quy định tại Chương II Nghị định này được áp dụng đối với tổ chức, trừ trường hợp quy định tại khoản 3 và khoản 4 Điều 15, khoản 2 và khoản 4 Điều 30, khoản 3 và khoản 5 Điều 39 Nghị định này quy định mức phạt tiền áp dụng đối với cá nhân. Trường hợp cá nhân có hành vi vi phạm như của tổ chức thì mức phạt tiền bằng 1/2 mức phạt tiền đối với tổ chức. Điều 6. Thời hiệu xử phạt vi phạm hành chính trong lĩnh vực chứng khoán 1. Thời hiệu xử phạt vi phạm hành"
"DoiTuongApDung:tất cả các cổ đông của công ty mục tiêu hoặc nhà đầu tư của quỹ đầu tư mục tiêu, bao gồm cả các cổ đông hoặc nhà đầu tư đã gửi đăng ký bán cho bên chào mua",DoiTuongApDung,"tất cả các cổ đông của công ty mục tiêu hoặc nhà đầu tư của quỹ đầu tư mục tiêu, bao gồm cả các cổ đông hoặc nhà đầu tư đã gửi đăng ký bán cho bên chào mua","tất cả các cổ đông của công ty mục tiêu hoặc nhà đầu tư của quỹ đầu tư mục tiêu, bao gồm cả các cổ đông hoặc nhà đầu tư đã gửi đăng ký bán cho bên chào mua",146468,rule,0.85,"ông tin về việc chào mua công khai hoặc thực hiện báo cáo, công bố thông tin về việc chào mua công khai không đúng quy định pháp luật; k) Không bảo đảm việc tăng giá chào mua được áp dụng đối với tất cả các cổ đông của công ty mục tiêu hoặc nhà đầu tư của quỹ đầu tư mục tiêu, bao gồm cả các cổ đông hoặc nhà đầu tư đã gửi đăng ký bán cho bên chào mua; l) Không chỉ định một công ty chứng khoán làm đại lý thực hiện việc chào mua công khai; không cập nhật về đại lý chào mua công khai kèm theo xác nhận đại lý chào mua công khai thay đổi. 2. Phạt tiền từ 150.000.000 đồng"
CoQuan:bộ tài chính,CoQuan,Bộ Tài chính,Bộ Tài chính,150974,metadata,1.0,metadata.csv: Bộ Tài chính
NguoiKy:tạ anh tuấn,NguoiKy,Tạ Anh Tuấn,Tạ Anh Tuấn,150974,metadata,1.0,metadata.csv: Tạ Anh Tuấn
"LinhVuc:kế toán, kiểm toán",LinhVuc,"Kế toán, kiểm toán","Kế toán, kiểm toán",150974,metadata,1.0,"metadata.csv: Kế toán, kiểm toán"
"DoiTuongApDung:các doanh nghiệp, cơ quan nhà nước, đơn vị sự nghiệp công lập quy định tại điều 8, điều 9, điều 10 nghị định số 05/2019/nđ-cp ngày 22 tháng 01 năm 2019 của chính phủ về kiểm toán n",DoiTuongApDung,"các doanh nghiệp, cơ quan nhà nước, đơn vị sự nghiệp công lập quy định tại Điều 8, Điều 9, Điều 10 Nghị định số 05/2019/NĐ-CP ngày 22 tháng 01 năm 2019 của Chính phủ về kiểm toán n","các doanh nghiệp, cơ quan nhà nước, đơn vị sự nghiệp công lập quy định tại Điều 8, Điều 9, Điều 10 Nghị định số 05/2019/NĐ-CP ngày 22 tháng 01 năm 2019 của Chính phủ về kiểm toán n",150974,rule,0.85,"uyên tắc đạo đức nghề nghiệp kiểm toán nội bộ (Phụ lục II). Điều 2. Đối tượng áp dụng 1. Chuẩn mực kiểm toán nội bộ Việt Nam và các nguyên tắc đạo đức nghề nghiệp kiểm toán nội bộ áp dụng đối với các doanh nghiệp, cơ quan nhà nước, đơn vị sự nghiệp công lập quy định tại Điều 8, Điều 9, Điều 10 Nghị định số 05/2019/NĐ-CP ngày 22 tháng 01 năm 2019 của Chính phủ về kiểm toán nội bộ và các tổ chức cá nhân có liên quan trong hoạt động kiểm toán nội bộ của các đơn vị này. 2. Các đơn vị không thuộc đối tượng quy định tại khoản 1 Điều này được khuyến khích thực hiện chuẩn mực kiểm toán nội bộ Việt"
DoiTuongApDung:tất cả các hoạt động kiểm toán nội bộ,DoiTuongApDung,tất cả các hoạt động kiểm toán nội bộ,tất cả các hoạt động kiểm toán nội bộ,150974,rule,0.85,"mô tả bản chất của hoạt động kiểm toán nội bộ và đưa ra các tiêu chí chất lượng để đo lường hoạt động kiểm toán nội bộ. Nhóm chuẩn mực thuộc tính và nhóm chuẩn mực hoạt động được áp dụng đối với tất cả các hoạt động kiểm toán nội bộ. Căn cứ vào chuẩn mực thuộc tính và chuẩn mực hoạt động, phân hướng dẫn triển khai thực hiện được phát triển thêm bằng việc đưa ra các yêu cầu áp dụng cho hoạt động đảm bảo (Ký hiệu là A) hoặc hoạt động tư vấn (Ký hiệu"
DoiTuongApDung:hoạt động đảm bảo (ký hiệu là a) hoặc hoạt động tư vấn (ký hiệu là c),DoiTuongApDung,hoạt động đảm bảo (Ký hiệu là A) hoặc hoạt động tư vấn (Ký hiệu là C),hoạt động đảm bảo (Ký hiệu là A) hoặc hoạt động tư vấn (Ký hiệu là C),150974,rule,0.85,"ất cả các hoạt động kiểm toán nội bộ. Căn cứ vào chuẩn mực thuộc tính và chuẩn mực hoạt động, phân hướng dẫn triển khai thực hiện được phát triển thêm bằng việc đưa ra các yêu cầu áp dụng cho hoạt động đảm bảo (Ký hiệu là A) hoặc hoạt động tư vấn (Ký hiệu là C). Hoạt động đảm bảo là việc người làm công tác kiểm toán nội bộ thực hiện đánh giá các bằng chứng một cách khách quan để đưa ra ý kiến hoặc kết luận liên quan đến một đơn vị, một hoạt động, một chức năng, một quy trình,"
DoiTuongApDung:người làm công tác kiểm toán nội bộ và bộ phận kiểm toán nội bộ,DoiTuongApDung,người làm công tác kiểm toán nội bộ và bộ phận kiểm toán nội bộ,người làm công tác kiểm toán nội bộ và bộ phận kiểm toán nội bộ,150974,rule,0.85,"thực hiện hoạt động tư vấn, người làm công tác kiểm toán nội bộ nên duy trì tính khách quan và không nên đảm nhận trách nhiệm quản lý đối với hoạt động được tư vấn. Chuẩn mực được áp dụng cho người làm công tác kiểm toán nội bộ và bộ phận kiểm toán nội bộ. Người làm công tác kiểm toán nội bộ chịu trách nhiệm tuân thủ các chuẩn mực liên quan đến tính khách quan của cá nhân, thành thạo chuyên môn, thận trọng nghề nghiệp và các chuẩn mực liên quan đến việc thực hiện trách n"
CoQuan:chính phủ,CoQuan,Chính phủ,Chính phủ,163441,metadata,1.0,metadata.csv: Chính phủ
NguoiKy:lê minh khái,NguoiKy,Lê Minh Khái,Lê Minh Khái,163441,metadata,1.0,metadata.csv: Lê Minh Khái
LinhVuc:bảo hiểm,LinhVuc,Bảo hiểm,Bảo hiểm,163441,metadata,1.0,metadata.csv: Bảo hiểm
"DoiTuongApDung:trường hợp tăng vốn điều lệ theo phương thức chào bán chứng khoán ra công chúng, chào bán chứng khoán của công ty cổ phần niêm yết và đại chúng",DoiTuongApDung,"trường hợp tăng vốn điều lệ theo phương thức chào bán chứng khoán ra công chúng, chào bán chứng khoán của công ty cổ phần niêm yết và đại chúng","trường hợp tăng vốn điều lệ theo phương thức chào bán chứng khoán ra công chúng, chào bán chứng khoán của công ty cổ phần niêm yết và đại chúng",163441,rule,0.85,"phần) sau khi tăng vốn; tài liệu chứng minh các cổ đông, thành viên góp vốn mới đáp ứng các điều kiện quy định tại Điều 64 và Điều 65 Luật Kinh doanh bảo hiểm. Quy định này không áp dụng đối với trường hợp tăng vốn điều lệ theo phương thức chào bán chứng khoán ra công chúng, chào bán chứng khoán của công ty cổ phần niêm yết và đại chúng. 3. Trong thời hạn 20 ngày kể từ ngày nhận đủ hồ sơ hợp lệ, Bộ Tài chính có văn bản chấp thuận về nguyên tắc. Trường hợp từ chối chấp thuận, Bộ Tài chính có văn bản giải thích rõ lý do. 4. Đối với trường hợp tăng vốn đi"
DoiTuongApDung:trường hợp bổ sung vốn điều lệ nhằm đáp ứng quy định về quản lý vốn chủ sở hữu tại khoản 3 điều 37 nghị định này,DoiTuongApDung,trường hợp bổ sung vốn điều lệ nhằm đáp ứng quy định về quản lý vốn chủ sở hữu tại khoản 3 Điều 37 Nghị định này,trường hợp bổ sung vốn điều lệ nhằm đáp ứng quy định về quản lý vốn chủ sở hữu tại khoản 3 Điều 37 Nghị định này,163441,rule,0.85,"ái bảo hiểm, chi nhánh nước ngoài tại Việt Nam không thực hiện được phương án thay đổi mức vốn đã được chấp thuận thì phải báo cáo Bộ Tài chính phương án xử lý. Quy định này không áp dụng đối với trường hợp bổ sung vốn điều lệ nhằm đáp ứng quy định về quản lý vốn chủ sở hữu tại khoản 3 Điều 37 Nghị định này. Điều 20. Giám vốn điều lệ, vốn được cấp 1. Doanh nghiệp bảo hiểm, doanh nghiệp tái bảo hiểm, chi nhánh nước ngoài tại Việt Nam muốn giảm vốn điều lệ, vốn được cấp phải đáp ứng các điều kiện sau: a) Doanh nghiệp bảo hiể"
DoiTuongApDung:các tài sản thuộc từng quỹ liên kết đơn vị,DoiTuongApDung,các tài sản thuộc từng quỹ liên kết đơn vị,các tài sản thuộc từng quỹ liên kết đơn vị,163441,rule,0.85,"ộc nghiệp vụ bảo hiểm liên kết đầu tư, doanh nghiệp bảo hiểm phải cung cấp thêm các tài liệu sau: Danh sách quỹ liên kết đơn vị, chính sách đầu tư mà doanh nghiệp bảo hiểm dự kiến áp dụng đối với các tài sản thuộc từng quỹ liên kết đơn vị; cơ sở phân bổ các khoản phí bảo hiểm và chi phí giữa các quỹ liên kết đơn vị; phương pháp định giá các đơn vị quỹ liên kết đơn vị; văn bằng chứng minh trình độ, năng lực, kinh nghiệm chuyên môn của các thành viên Hội đ"
DoiTuongApDung:trường hợp giao dịch chuyển nhượng thực hiện thông qua giao dịch trên thị trường chứng khoán đối với công ty niêm yết,DoiTuongApDung,trường hợp giao dịch chuyển nhượng thực hiện thông qua giao dịch trên thị trường chứng khoán đối với công ty niêm yết,trường hợp giao dịch chuyển nhượng thực hiện thông qua giao dịch trên thị trường chứng khoán đối với công ty niêm yết,163441,rule,0.85,"ượng cổ phần, phần vốn góp trên 10% vốn điều lệ và doanh nghiệp sau khi chuyển nhượng cổ phần, phần vốn góp đáp ứng các điều kiện quy định tại khoản 1 Điều này. Quy định này không áp dụng đối với trường hợp giao dịch chuyển nhượng thực hiện thông qua giao dịch trên thị trường chứng khoán đối với công ty niêm yết; d) Bán sao từ sổ gốc hoặc được chứng thực của hợp đồng nguyên tắc về chuyển nhượng (trừ trường hợp doanh nghiệp bảo hiểm, doanh nghiệp tái bảo hiểm là tổ chức niêm yết, đăng ký giao dịch trên thị trường chứng khoán); đ"
DoiTuongApDung:các chức danh chuyên gia tính toán đã được bộ tài chính phê chuẩn trước thời điểm nghị định này có hiệu lực,DoiTuongApDung,các chức danh chuyên gia tính toán đã được Bộ Tài chính phê chuẩn trước thời điểm Nghị định này có hiệu lực,các chức danh chuyên gia tính toán đã được Bộ Tài chính phê chuẩn trước thời điểm Nghị định này có hiệu lực,163441,rule,0.85,"4. Là người lao động tại doanh nghiệp bảo hiểm nhân thọ, doanh nghiệp bảo hiểm sức khỏe. 5. Cơ trú tại Việt Nam trong thời gian đương nhiệm. 6. Quy định tại khoản 2 Điều này không áp dụng đối với các chức danh chuyên gia tính toán đã được Bộ Tài chính phê chuẩn trước thời điểm Nghị định này có hiệu lực. Điều 30: Điều kiện, tiêu chuẩn của chuyên gia tính toán của doanh nghiệp bảo hiểm phi nhân thọ, doanh nghiệp tái bảo hiểm, chi nhánh nước ngoài tại Việt Nam 1. Các tiêu chuẩn chung quy định tại khoản 1 Điều 81 Luật Kin"
DoiTuongApDung:bảo hiểm liên kết chung) được tính theo một trong các phương pháp sau: tổng giá trị hoàn lại của các hợp đồng bảo hiểm liên kết chung cộng với khoản dự phòng nhằm đảm bảo cho việc,DoiTuongApDung,bảo hiểm liên kết chung) được tính theo một trong các phương pháp sau: Tổng giá trị hoàn lại của các hợp đồng bảo hiểm liên kết chung cộng với khoản dự phòng nhằm đảm bảo cho việc,bảo hiểm liên kết chung) được tính theo một trong các phương pháp sau: Tổng giá trị hoàn lại của các hợp đồng bảo hiểm liên kết chung cộng với khoản dự phòng nhằm đảm bảo cho việc,163441,rule,0.85,dòng tiền để đáp ứng được tất cả chi phí chi trả quyền lợi về rủi ro bảo hiểm trong tương lai trong suốt thời hạn của hợp đồng; b) Dự phòng nghiệp vụ đối với phần liên kết chung (áp dụng đối với bảo hiểm liên kết chung) được tính theo một trong các phương pháp sau: Tổng giá trị hoàn lại của các hợp đồng bảo hiểm liên kết chung cộng với khoản dự phòng nhằm đảm bảo cho việc chi trả giá trị tài khoản đối với các hợp đồng dự kiến xảy ra sự kiện bảo hiểm trong kỳ; Tổng giá trị tài khoản của các hợp đồng liên kết chung. Doanh nghiệp bảo hiểm có trách nhiệm đánh giá và lựa chọn phương pháp trích
DoiTuongApDung:bảo hiểm liên kết đơn vị) là tổng số các khoản sau: tổng số các đơn vị đầu tư của bên mua bảo hiểm tại ngày định giá nhân với giá mua của đơn vị quỹ tại ngày định giá,DoiTuongApDung,bảo hiểm liên kết đơn vị) là tổng số các khoản sau: Tổng số các đơn vị đầu tư của bên mua bảo hiểm tại ngày định giá nhân với giá mua của đơn vị quỹ tại ngày định giá,bảo hiểm liên kết đơn vị) là tổng số các khoản sau: Tổng số các đơn vị đầu tư của bên mua bảo hiểm tại ngày định giá nhân với giá mua của đơn vị quỹ tại ngày định giá,163441,rule,0.85,ơng pháp trích lập dự phòng nghiệp vụ đối với phần liên kết chung để bảo đảm các trách nhiệm đã cam kết theo hợp đồng bảo hiểm; c) Dự phòng nghiệp vụ đối với phần liên kết đơn vị (áp dụng đối với bảo hiểm liên kết đơn vị) là tổng số các khoản sau: Tổng số các đơn vị đầu tư của bên mua bảo hiểm tại ngày định giá nhân với giá mua của đơn vị quỹ tại ngày định giá; Tổng số phí bảo hiểm đã nhận được từ bên mua bảo hiểm tại ngày định giá sau khi trừ đi các khoản phí tính cho bên mua bảo hiểm mà phần còn lại này dùng để mua các đơn vị quỹ nhưng chưa được thực hiện; d) Dự phòng nghiệ
DoiTuongApDung:bảo hiểm hưu trí) là tổng giá trị tài khoản bảo hiểm hưu trí tại thời điểm trích lập,DoiTuongApDung,bảo hiểm hưu trí) là tổng giá trị tài khoản bảo hiểm hưu trí tại thời điểm trích lập,bảo hiểm hưu trí) là tổng giá trị tài khoản bảo hiểm hưu trí tại thời điểm trích lập,163441,rule,0.85,trừ đi các khoản phí tính cho bên mua bảo hiểm mà phần còn lại này dùng để mua các đơn vị quỹ nhưng chưa được thực hiện; d) Dự phòng nghiệp vụ đối với tài khoản bảo hiểm hưu trí (áp dụng đối với bảo hiểm hưu trí) là tổng giá trị tài khoản bảo hiểm hưu trí tại thời điểm trích lập; đ) Dự phòng cho các quyền lợi bảo hiểm khác ngoài quyền lợi về rủi ro bảo hiểm và quyền lợi đầu tư. 3. Dự phòng phí chưa được hưởng: Được tính trên phí bảo hiểm gộp theo các phương pháp quy định tại khoản 1 Điều 39 Ngh
DoiTuongApDung:các hợp đồng bảo hiểm có thời hạn trên 01 năm để đảm bảo được các trách nhiệm đã cam kết khi xảy ra sự kiện bảo hiểm trong tương lai,DoiTuongApDung,các hợp đồng bảo hiểm có thời hạn trên 01 năm để đảm bảo được các trách nhiệm đã cam kết khi xảy ra sự kiện bảo hiểm trong tương lai,các hợp đồng bảo hiểm có thời hạn trên 01 năm để đảm bảo được các trách nhiệm đã cam kết khi xảy ra sự kiện bảo hiểm trong tương lai,163441,rule,0.85,"theo quy định tại Điều 45 Nghị định này trước khi áp dụng. Điều 43. Phương pháp, cơ sở trích lập dự phòng nghiệp vụ bảo hiểm sức khỏe 1. Dụ phỏng toán học: Dự phòng toán học được áp dụng đối với các hợp đồng bảo hiểm có thời hạn trên 01 năm để đảm bảo được các trách nhiệm đã cam kết khi xảy ra sự kiện bảo hiểm trong tương lai. Doanh nghiệp bảo hiểm, doanh nghiệp tái bảo hiểm, chi nhánh nước ngoài tại Việt Nam được chủ động lựa chọn phương pháp trích lập như: Phương pháp phí bảo hiểm gộp, phương pháp phí bảo hiểm thuần, các phương pháp khác t"
DoiTuongApDung:các hợp đồng bảo hiểm có thời hạn từ 01 năm trở xuống,DoiTuongApDung,các hợp đồng bảo hiểm có thời hạn từ 01 năm trở xuống,các hợp đồng bảo hiểm có thời hạn từ 01 năm trở xuống,163441,rule,0.85,"ng pháp phí bảo hiểm thuần, các phương pháp khác theo thông lệ quốc tế. 2. Dự phòng phí chưa được hưởng: Được tính theo các phương pháp quy định tại khoản 1 Điều 39 Nghị định này, áp dụng đối với các hợp đồng bảo hiểm có thời hạn từ 01 năm trở xuống. 3. Dự phỏng bồi thường: a) Phương pháp trích lập dự phòng bồi thường theo thống kê hồ sơ yêu cầu đòi bồi thường; b) Phương pháp trích lập dự phòng bồi thường theo hệ số phát sinh bồi thường. 4. Dự phòng đảm bảo cân đối"
DoiTuongApDung:năm tài chính từ ngày 01 tháng 01 năm 2023,DoiTuongApDung,năm tài chính từ ngày 01 tháng 01 năm 2023,năm tài chính từ ngày 01 tháng 01 năm 2023,163441,rule,0.85,"ơ sở trích lập dự phòng nghiệp vụ bảo hiểm không phù hợp với quy định của Nghị định này thì thực hiện đăng ký lại với Bộ Tài chính trong vòng 06 tháng kể từ ngày ký Nghị định này, áp dụng cho năm tài chính từ ngày 01 tháng 01 năm 2023. Quy định này không áp dụng đối với dự phòng đối với phần liên kết chung. 5. Trong thời hạn 01 năm kể từ ngày Nghị định này có hiệu lực, doanh nghiệp bảo hiểm nhân thọ phải thực hiện rà soát và đăng ký với Bộ Tài chính"
DoiTuongApDung:dự phòng đối với phần liên kết chung,DoiTuongApDung,dự phòng đối với phần liên kết chung,dự phòng đối với phần liên kết chung,163441,rule,0.85,"ghị định này thì thực hiện đăng ký lại với Bộ Tài chính trong vòng 06 tháng kể từ ngày ký Nghị định này, áp dụng cho năm tài chính từ ngày 01 tháng 01 năm 2023. Quy định này không áp dụng đối với dự phòng đối với phần liên kết chung. 5. Trong thời hạn 01 năm kể từ ngày Nghị định này có hiệu lực, doanh nghiệp bảo hiểm nhân thọ phải thực hiện rà soát và đăng ký với Bộ Tài chính phương pháp trích lập dự phòng nghiệp vụ đối với phần liên kết chung đảm"
DoiTuongApDung:các cổ đông hoặc thành viên đã sở hữu từ 10% vốn điều lệ trở lên của doanh nghiệp môi giới bảo hiểm trước khi tăng vốn và không áp dụng đối với trường hợp tăng vốn điều lệ theo phư,DoiTuongApDung,các cổ đông hoặc thành viên đã sở hữu từ 10% vốn điều lệ trở lên của doanh nghiệp môi giới bảo hiểm trước khi tăng vốn và không áp dụng đối với trường hợp tăng vốn điều lệ theo phư,các cổ đông hoặc thành viên đã sở hữu từ 10% vốn điều lệ trở lên của doanh nghiệp môi giới bảo hiểm trước khi tăng vốn và không áp dụng đối với trường hợp tăng vốn điều lệ theo phư,163441,rule,0.85,"tài liệu chứng minh các cổ đông hoặc thành viên này đáp ứng điều kiện quy định tại các khoản 1, 2, 5 Điều 133 Luật Kinh doanh bảo hiểm và Điều 63 Nghị định này. Quy định này không áp dụng đối với các cổ đông hoặc thành viên đã sở hữu từ 10% vốn điều lệ trở lên của doanh nghiệp môi giới bảo hiểm trước khi tăng vốn và không áp dụng đối với trường hợp tăng vốn điều lệ theo phương thức chào bán cổ phần ra công chúng, chào bán cổ phần của công ty cổ phần niêm yết và đại chúng. 3. Trong thời hạn 20 ngày kể từ ngày nhận đủ hồ sơ hợp lệ, Bộ Tài chính có văn bản chấp thuận về nguyên tắc. Trường hợp"
DoiTuongApDung:trường hợp đã có bằng đại học trở lên về chuyên ngành bảo hiểm,DoiTuongApDung,trường hợp đã có bằng đại học trở lên về chuyên ngành bảo hiểm,trường hợp đã có bằng đại học trở lên về chuyên ngành bảo hiểm,163441,rule,0.85,"này. 2. Có bằng đại học trở lên. 3. Có chứng chỉ bảo hiểm hoặc chứng chỉ môi giới bảo hiểm do các cơ sở đào tạo được thành lập hợp pháp trong và ngoài nước cấp. Quy định này không áp dụng đối với trường hợp đã có bằng đại học trở lên về chuyên ngành bảo hiểm. 4. Có tối thiểu 05 năm trực tiếp làm việc trong một hoặc các lĩnh vực bảo hiểm, tài chính, ngân hàng, trong đó có tối thiểu 03 năm giữ vị trí là người quản lý, người kiểm soát của doanh nghiệp bảo hiểm, doanh nghiệp tá"
DoiTuongApDung:chi nhánh nước ngoài tại việt nam,DoiTuongApDung,chi nhánh nước ngoài tại Việt Nam,chi nhánh nước ngoài tại Việt Nam,163441,rule,0.85,"an toàn vốn theo quy định, Bộ Tài chính có thể chủ động thông tin, chia sẻ cho cơ quan quản lý nhà nước về bảo hiểm nước ngoài về các biện pháp can thiệp sớm, biện pháp kiểm soát áp dụng đối với chi nhánh nước ngoài tại Việt Nam. 4. Việc ký kết thỏa thuận quốc tế của cơ quan nhà nước có thẩm quyền của Việt Nam về hợp tác, chia sẻ thông tin với các cơ quan quản lý nhà nước về bảo hiểm nước ngoài có thể thực hiện song phương, nhiều bên hoặc đa ph"
"DoiTuongApDung:từng người được bảo hiểm, trừ trường hợp giữa những người được bảo hiểm và doanh nghiệp bảo hiểm có thỏa thuận khác tại hợp đồng bảo hiểm",DoiTuongApDung,"từng người được bảo hiểm, trừ trường hợp giữa những người được bảo hiểm và doanh nghiệp bảo hiểm có thỏa thuận khác tại hợp đồng bảo hiểm","từng người được bảo hiểm, trừ trường hợp giữa những người được bảo hiểm và doanh nghiệp bảo hiểm có thỏa thuận khác tại hợp đồng bảo hiểm",163441,rule,0.85,"ản; đ) Trong trường hợp hợp đồng bảo hiểm nhân thọ có nhiều người được bảo hiểm, hạn mức chi trả tối đa của Quỹ quy định tại điểm a, điểm b, điểm c và điểm d khoản 1 Điều này được áp dụng đối với từng người được bảo hiểm, trừ trường hợp giữa những người được bảo hiểm và doanh nghiệp bảo hiểm có thỏa thuận khác tại hợp đồng bảo hiểm. 2. Đối với hợp đồng bảo hiểm sức khỏe, Quỹ chi trả tối đa 90% mức trách nhiệm của doanh nghiệp bảo hiểm, chi nhánh doanh nghiệp bảo hiểm phi nhân thọ nước ngoài nhưng không quá 200 triệu đồng Việt Nam/người được bảo hi"
"DoiTuongApDung:từng người được bảo hiểm, trừ trường hợp giữa những người được bảo hiểm và doanh nghiệp bảo hiểm, chi nhánh doanh nghiệp bảo hiểm phi nhân thọ nước ngoài có thỏa thuận khác tại hợp",DoiTuongApDung,"từng người được bảo hiểm, trừ trường hợp giữa những người được bảo hiểm và doanh nghiệp bảo hiểm, chi nhánh doanh nghiệp bảo hiểm phi nhân thọ nước ngoài có thỏa thuận khác tại hợp","từng người được bảo hiểm, trừ trường hợp giữa những người được bảo hiểm và doanh nghiệp bảo hiểm, chi nhánh doanh nghiệp bảo hiểm phi nhân thọ nước ngoài có thỏa thuận khác tại hợp",163441,rule,0.85,"phí bảo hiểm đã đóng cho thời gian còn lại của hợp đồng bảo hiểm; c) Trong trường hợp hợp đồng bảo hiểm sức khỏe có nhiều người được bảo hiểm, hạn mức chi trả tối đa của Quỹ được áp dụng đối với từng người được bảo hiểm, trừ trường hợp giữa những người được bảo hiểm và doanh nghiệp bảo hiểm, chi nhánh doanh nghiệp bảo hiểm phi nhân thọ nước ngoài có thỏa thuận khác tại hợp đồng bảo hiểm. 3. Đối với hợp đồng bảo hiểm phi nhân thọ: a) Đối với hợp đồng bảo hiểm bắt buộc trách nhiệm dân sự của chủ xe cơ giới, Quỹ chi trả tối đa mức trách nhiệm của doanh nghiệp bảo hiểm, chi nhánh doanh nghiệp"
DoiTuongApDung:sản phẩm bảo hiểm liên kết đầu tư): được dùng để bù đắp các khoản chi phí hợp lý có liên quan đến việc bên mua bảo hiểm chấm dứt hợp đồng bảo hiểm trước hạn,DoiTuongApDung,sản phẩm bảo hiểm liên kết đầu tư): được dùng để bù đắp các khoản chi phí hợp lý có liên quan đến việc bên mua bảo hiểm chấm dứt hợp đồng bảo hiểm trước hạn,sản phẩm bảo hiểm liên kết đầu tư): được dùng để bù đắp các khoản chi phí hợp lý có liên quan đến việc bên mua bảo hiểm chấm dứt hợp đồng bảo hiểm trước hạn,163441,rule,0.85,"kết quả đầu tư của quỹ liên kết đầu tư (đối với hợp đồng bảo hiểm liên kết đầu tư), quỹ hưu trí tự nguyện (đối với hợp đồng bảo hiểm hưu trí); đ) Phí chấm dứt hợp đồng trước hạn (áp dụng đối với sản phẩm bảo hiểm liên kết đầu tư): được dùng để bù đắp các khoản chi phí hợp lý có liên quan đến việc bên mua bảo hiểm chấm dứt hợp đồng bảo hiểm trước hạn. Phí chấm dứt hợp đồng trước hạn được trừ từ giá trị tài khoản của bên mua bảo hiểm; e) Phí chuyển đổi quỹ liên kết đơn vị (áp dụng đối với sản phẩm bảo hiểm liên kết đơn vị): là khoản phí tính cho bên mua bảo hiểm khi"
DoiTuongApDung:sản phẩm bảo hiểm liên kết đơn vị): là khoản phí tính cho bên mua bảo hiểm khi thực hiện chuyển đổi tài sản đầu tư giữa các quỹ liên kết đơn vị,DoiTuongApDung,sản phẩm bảo hiểm liên kết đơn vị): là khoản phí tính cho bên mua bảo hiểm khi thực hiện chuyển đổi tài sản đầu tư giữa các quỹ liên kết đơn vị,sản phẩm bảo hiểm liên kết đơn vị): là khoản phí tính cho bên mua bảo hiểm khi thực hiện chuyển đổi tài sản đầu tư giữa các quỹ liên kết đơn vị,163441,rule,0.85,c bên mua bảo hiểm chấm dứt hợp đồng bảo hiểm trước hạn. Phí chấm dứt hợp đồng trước hạn được trừ từ giá trị tài khoản của bên mua bảo hiểm; e) Phí chuyển đổi quỹ liên kết đơn vị (áp dụng đối với sản phẩm bảo hiểm liên kết đơn vị): là khoản phí tính cho bên mua bảo hiểm khi thực hiện chuyển đổi tài sản đầu tư giữa các quỹ liên kết đơn vị; g) Phí chuyển tài khoản bảo hiểm hưu trí (áp dụng đối với sản phẩm bảo hiểm hưu trí): là khoản phí bên mua bảo hiểm phải trả cho doanh nghiệp bảo hiểm hiện đang quản lý tài khoản bảo hiểm hưu trí khi thực hiện chuyển g
DoiTuongApDung:sản phẩm bảo hiểm hưu trí): là khoản phí bên mua bảo hiểm phải trả cho doanh nghiệp bảo hiểm hiện đang quản lý tài khoản bảo hiểm hưu trí khi thực hiện chuyển giao tài khoản bảo hi,DoiTuongApDung,sản phẩm bảo hiểm hưu trí): là khoản phí bên mua bảo hiểm phải trả cho doanh nghiệp bảo hiểm hiện đang quản lý tài khoản bảo hiểm hưu trí khi thực hiện chuyển giao tài khoản bảo hi,sản phẩm bảo hiểm hưu trí): là khoản phí bên mua bảo hiểm phải trả cho doanh nghiệp bảo hiểm hiện đang quản lý tài khoản bảo hiểm hưu trí khi thực hiện chuyển giao tài khoản bảo hi,163441,rule,0.85,"m bảo hiểm liên kết đơn vị): là khoản phí tính cho bên mua bảo hiểm khi thực hiện chuyển đổi tài sản đầu tư giữa các quỹ liên kết đơn vị; g) Phí chuyển tài khoản bảo hiểm hưu trí (áp dụng đối với sản phẩm bảo hiểm hưu trí): là khoản phí bên mua bảo hiểm phải trả cho doanh nghiệp bảo hiểm hiện đang quản lý tài khoản bảo hiểm hưu trí khi thực hiện chuyển giao tài khoản bảo hiểm hưu trí sang doanh nghiệp bảo hiểm mới. 2. Doanh nghiệp bảo hiểm có trách nhiệm tính toán các khoản phí tính cho bên mua bảo hiểm chính xác, công bằng, hợp lý, phù hợp với phương pháp và cơ sở tính phí sản phẩm đã đăn"
"DoiTuongApDung:bên mua bảo hiểm, doanh nghiệp bảo hiểm có trách nhiệm thông báo cho bên mua bảo hiểm bằng văn bản ít nhất 03 tháng trước thời điểm chính thức thay đổi",DoiTuongApDung,"bên mua bảo hiểm, doanh nghiệp bảo hiểm có trách nhiệm thông báo cho bên mua bảo hiểm bằng văn bản ít nhất 03 tháng trước thời điểm chính thức thay đổi","bên mua bảo hiểm, doanh nghiệp bảo hiểm có trách nhiệm thông báo cho bên mua bảo hiểm bằng văn bản ít nhất 03 tháng trước thời điểm chính thức thay đổi",163441,rule,0.85,"ho bên mua bảo hiểm phải được thể hiện rõ tại hợp đồng bảo hiểm. Trong quá trình thực hiện hợp đồng, trường hợp doanh nghiệp bảo hiểm thay đổi các mức phí hoặc tỷ lệ các khoản phí áp dụng cho bên mua bảo hiểm, doanh nghiệp bảo hiểm có trách nhiệm thông báo cho bên mua bảo hiểm bằng văn bản ít nhất 03 tháng trước thời điểm chính thức thay đổi. Mức phí hoặc tỷ lệ phí thay đổi không được vượt quá hạn mức tối đa đã được thoả thuận tại hợp đồng bảo hiểm. Điều 100. Công ty quản lý quỹ 1. Doanh nghiệp bảo hiểm triển khai sản phẩm bảo hiểm liên kết chung, sản phẩm"
DoiTuongApDung:các chủ hợp đồng bảo hiểm liên kết chung,DoiTuongApDung,các chủ hợp đồng bảo hiểm liên kết chung,các chủ hợp đồng bảo hiểm liên kết chung,163441,rule,0.85,thấp hơn 50 tỷ đồng Việt Nam. 3. Doanh nghiệp bảo hiểm được hưởng kết quả đầu tư tương ứng với số tiền đã đóng góp vào việc thành lập quỹ liên kết chung theo mức lãi suất công bố áp dụng cho các chủ hợp đồng bảo hiểm liên kết chung. Doanh nghiệp bảo hiểm có thể được hoàn lại một phần hoặc toàn bộ số tiền đã đóng góp nếu vẫn đảm bảo tổng giá trị quỹ liên kết chung không thấp hơn 50 tỷ đồng Việt Nam. 4. Bên mua bảo hiểm được hưởng kết quả đầu tư tươ
DoiTuongApDung:các doanh nghiệp bảo hiểm,DoiTuongApDung,các doanh nghiệp bảo hiểm,các doanh nghiệp bảo hiểm,163441,rule,0.85,"ng mỗi năm tài chính và không thấp hơn lãi suất cam kết tối thiểu quy định tại hợp đồng bảo hiểm. 5. Quỹ liên kết chung được quản lý và sử dụng đầu tư phù hợp với chế độ tài chính áp dụng đối với các doanh nghiệp bảo hiểm. Tiểu mục 3 BẢO HIỂM LIÊN KẾT ĐƠN VỊ Điều 105. Tên gọi và thiết kế sản phẩm bảo hiểm liên kết đơn vị 1. Tên của sản phẩm bảo hiểm liên kết đơn vị phải phù hợp với tính chất của sản phẩm bảo hiểm và có thành tố ""Sản phẩm"
"DoiTuongApDung:các doanh nghiệp môi giới bảo hiểm]: [hoạt động phụ trợ bảo hiểm: tư vấn bảo hiểm, đánh giá rủi ro bảo hiểm, tính toán bảo hiểm, giám định tổn thất bảo hiểm, hỗ trợ giải quyết bồi",DoiTuongApDung,"các doanh nghiệp môi giới bảo hiểm]: [Hoạt động phụ trợ bảo hiểm: tư vấn bảo hiểm, đánh giá rủi ro bảo hiểm, tính toán bảo hiểm, giám định tổn thất bảo hiểm, hỗ trợ giải quyết bồi","các doanh nghiệp môi giới bảo hiểm]: [Hoạt động phụ trợ bảo hiểm: tư vấn bảo hiểm, đánh giá rủi ro bảo hiểm, tính toán bảo hiểm, giám định tổn thất bảo hiểm, hỗ trợ giải quyết bồi",163441,rule,0.85,"n thất, xét giải quyết bồi thường, yêu cầu người thứ ba bồi hoàn]: [Quản lý quỹ và đầu tư vốn]: [Các hoạt động khác theo quy định của pháp luật]: [Hoạt động môi giới bảo hiểm: chỉ áp dụng đối với các doanh nghiệp môi giới bảo hiểm]: [Hoạt động phụ trợ bảo hiểm: tư vấn bảo hiểm, đánh giá rủi ro bảo hiểm, tính toán bảo hiểm, giám định tổn thất bảo hiểm, hỗ trợ giải quyết bồi thường bảo hiểm]: 3. Địa bàn hoạt động: [trên phạm vi cả nước hay trong những khu vực địa lý nhất định]. 4. Đối tượng khách hàng Điều 4. Thời hạn hoạt động [Tên doanh nghiệp bảo hiểm/chỉ nhánh nước ngoài tại Việt Nam/doa"
CoQuan:ngân hàng nhà nước việt nam,CoQuan,Ngân hàng Nhà nước Việt Nam,Ngân hàng Nhà nước Việt Nam,164719,metadata,1.0,metadata.csv: Ngân hàng Nhà nước Việt Nam
NguoiKy:đoàn thái sơn,NguoiKy,Đoàn Thái Sơn,Đoàn Thái Sơn,164719,metadata,1.0,metadata.csv: Đoàn Thái Sơn
"LinhVuc:thanh tra, giám sát ngân hàng",LinhVuc,"Thanh tra, giám sát ngân hàng","Thanh tra, giám sát ngân hàng",164719,metadata,1.0,"metadata.csv: Thanh tra, giám sát ngân hàng"
"DoiTuongApDung:các doanh nghiệp không cung cấp báo cáo tài chính cho ngân hàng, chi nhánh ngân hàng nước ngoài để tính các chỉ tiêu doanh thu, tỷ lệ đòn bảy, vốn chủ sở hữu",DoiTuongApDung,"các doanh nghiệp không cung cấp Báo cáo tài chính cho ngân hàng, chi nhánh ngân hàng nước ngoài để tính các chỉ tiêu doanh thu, tỷ lệ đòn bảy, vốn chủ sở hữu","các doanh nghiệp không cung cấp Báo cáo tài chính cho ngân hàng, chi nhánh ngân hàng nước ngoài để tính các chỉ tiêu doanh thu, tỷ lệ đòn bảy, vốn chủ sở hữu",164719,rule,0.85,"100% 80% 60% 50% Tỷ lệ đòn bẩy từ 25% đến 50% 125% 110% 95% 80% Tỷ lệ đòn bẩy trên 50% 160% 150% 140% 120% Vốn chủ sở hữu âm hoặc bằng 0 250% (ii) Hệ số rủi ro tín dụng 200% được áp dụng đối với các doanh nghiệp không cung cấp Báo cáo tài chính cho ngân hàng, chi nhánh ngân hàng nước ngoài để tính các chỉ tiêu doanh thu, tỷ lệ đòn bảy, vốn chủ sở hữu; (iii) Đối với các doanh nghiệp thành lập mới (không bao gồm các trường hợp thành lập do tổ chức lại, chuyển đổi hình thức pháp lý,...), hoạt động chưa được 01 năm, hệ số rủi ro tín dụng là 150%."" 7. Sửa đổi, bổ sung kh"
DoiTuongApDung:khoản phải đòi được bảo đảm bằng bất động sản không kinh doanh theo chỉ tiêu tỷ lệ bảo đảm (ltv) như sau: ltv ltv dưới 40% ltv từ 40% trở lên đến dưới 60% ltv từ 60% trở lên đến dư,DoiTuongApDung,khoản phải đòi được bảo đảm bằng bất động sản không kinh doanh theo chỉ tiêu Tỷ lệ bảo đảm (LTV) như sau: LTV LTV dưới 40% LTV từ 40% trở lên đến dưới 60% LTV từ 60% trở lên đến dư,khoản phải đòi được bảo đảm bằng bất động sản không kinh doanh theo chỉ tiêu Tỷ lệ bảo đảm (LTV) như sau: LTV LTV dưới 40% LTV từ 40% trở lên đến dưới 60% LTV từ 60% trở lên đến dư,164719,rule,0.85,"ị tại thời điểm xét duyệt cho vay (đối với trường hợp xác định lại được thực hiện lần đầu tiên) hoặc so với giá trị tài sản bảo đảm xác định lại gần nhất. b) Hệ số rủi ro tín dụng áp dụng đối với khoản phải đòi được bảo đảm bằng bất động sản không kinh doanh theo chỉ tiêu Tỷ lệ bảo đảm (LTV) như sau: LTV LTV dưới 40% LTV từ 40% trở lên đến dưới 60% LTV từ 60% trở lên đến dưới 80% LTV từ 80% trở lên đến dưới 90% LTV từ 90% trở lên đến dưới 100% LTV từ 100% trở lên Hệ số rủi ro 30% 40% 50% 70% 80% 100% c) Đối với khoản phải đòi được đảm bảo bằng bất động sản kinh doanh, hệ số rủi ro tín dụng"
"DoiTuongApDung:khoản phải đòi được đảm bảo bằng bất động sản mà ngân hàng, chi nhánh ngân hàng nước ngoài không có thông tin về tỷ lệ bảo đảm (ltv)",DoiTuongApDung,"khoản phải đòi được đảm bảo bằng bất động sản mà ngân hàng, chi nhánh ngân hàng nước ngoài không có thông tin về Tỷ lệ bảo đảm (LTV)","khoản phải đòi được đảm bảo bằng bất động sản mà ngân hàng, chi nhánh ngân hàng nước ngoài không có thông tin về Tỷ lệ bảo đảm (LTV)",164719,rule,0.85,"xác định riêng cho từng bất động sản kinh doanh và bất động sản không kinh doanh tương ứng theo tỷ lệ tổng diện tích mặt bằng của bất động sản; đ) Hệ số rủi ro tín dụng 150% được áp dụng đối với khoản phải đòi được đảm bảo bằng bất động sản mà ngân hàng, chi nhánh ngân hàng nước ngoài không có thông tin về Tỷ lệ bảo đảm (LTV); e) Hệ số rủi ro tín dụng 200% được áp dụng đối với tài sản là khoản cấp tín dụng chuyên biệt dưới hình thức cấp tín dụng tài trợ dự án kinh doanh bất động sản. Trường hợp đối với tài sản là khoản cấp tín dụng chuyên bi"
DoiTuongApDung:tài sản là khoản cấp tín dụng chuyên biệt dưới hình thức cấp tín dụng tài trợ dự án kinh doanh bất động sản,DoiTuongApDung,tài sản là khoản cấp tín dụng chuyên biệt dưới hình thức cấp tín dụng tài trợ dự án kinh doanh bất động sản,tài sản là khoản cấp tín dụng chuyên biệt dưới hình thức cấp tín dụng tài trợ dự án kinh doanh bất động sản,164719,rule,0.85,"ng đối với khoản phải đòi được đảm bảo bằng bất động sản mà ngân hàng, chi nhánh ngân hàng nước ngoài không có thông tin về Tỷ lệ bảo đảm (LTV); e) Hệ số rủi ro tín dụng 200% được áp dụng đối với tài sản là khoản cấp tín dụng chuyên biệt dưới hình thức cấp tín dụng tài trợ dự án kinh doanh bất động sản. Trường hợp đối với tài sản là khoản cấp tín dụng chuyên biệt dưới hình thức cấp tín dụng tài trợ dự án kinh doanh bất động sản khu công nghiệp, hệ số rủi ro tín dụng là 160%."" 8. Sửa đổi, bổ sung điểm b khoản 11 Điều 9"
"DoiTuongApDung:khoản cho vay thế chấp nhà ở theo tỷ lệ bảo đảm (ltv) và tỷ lệ thu nhập (dsc) như sau: (i) đối với khoản cho vay để mua nhà ở xã hội, mua nhà ở theo các chương trình, dự án hỗ trợ",DoiTuongApDung,"khoản cho vay thế chấp nhà ở theo Tỷ lệ bảo đảm (LTV) và Tỷ lệ thu nhập (DSC) như sau: (i) Đối với khoản cho vay để mua nhà ở xã hội, mua nhà ở theo các chương trình, dự án hỗ trợ","khoản cho vay thế chấp nhà ở theo Tỷ lệ bảo đảm (LTV) và Tỷ lệ thu nhập (DSC) như sau: (i) Đối với khoản cho vay để mua nhà ở xã hội, mua nhà ở theo các chương trình, dự án hỗ trợ",164719,rule,0.85,"hình thức cấp tín dụng tài trợ dự án kinh doanh bất động sản khu công nghiệp, hệ số rủi ro tín dụng là 160%."" 8. Sửa đổi, bổ sung điểm b khoản 11 Điều 9 như sau: ""b) Hệ số rủi ro áp dụng cho khoản cho vay thế chấp nhà ở theo Tỷ lệ bảo đảm (LTV) và Tỷ lệ thu nhập (DSC) như sau: (i) Đối với khoản cho vay để mua nhà ở xã hội, mua nhà ở theo các chương trình, dự án hỗ trợ của Chính phủ: Các khoản cho vay thế chấp nhà ở LTV dưới 40% LTV từ 40% trở lên đến dưới 60% LTV từ 60% trở lên đến dưới 80% LTV từ 80% trở lên đến dưới 90% LTV từ 90% trở lên đến dưới 100% LTV từ 100% trở lên DSC từ 35%"
"DoiTuongApDung:các tài sản bảo đảm sau đây: a) tiền mặt, giấy tờ có giá, thẻ tiết kiệm do tổ chức tín dụng, chi nhánh ngân hàng nước ngoài phát hành",DoiTuongApDung,"các tài sản bảo đảm sau đây: a) Tiền mặt, giấy tờ có giá, thẻ tiết kiệm do tổ chức tín dụng, chi nhánh ngân hàng nước ngoài phát hành","các tài sản bảo đảm sau đây: a) Tiền mặt, giấy tờ có giá, thẻ tiết kiệm do tổ chức tín dụng, chi nhánh ngân hàng nước ngoài phát hành",164719,rule,0.85,"cùng một loại tiền tệ."" 12. Sửa đổi, bổ sung Điều 12 như sau: ""Điều 12. Giảm thiểu rủi ro tín dụng bằng tài sản bảo đảm 1. Việc giảm thiểu rủi ro tín dụng bằng tài sản bảo đảm chỉ áp dụng đối với các tài sản bảo đảm sau đây: a) Tiền mặt, giấy tờ có giá, thẻ tiết kiệm do tổ chức tín dụng, chi nhánh ngân hàng nước ngoài phát hành; b) Vàng (vàng tiêu chuẩn, vàng vật chất, vàng trang sức với giá trị được chuyển đổi giá trị sang vàng 99.99); c) Giấy tờ có giá do Chính phủ Việt Nam, Ngân hàng Nhà nước, Uỷ ban nhân dân tỉnh, thành phố trực thuộc trun"
"DoiTuongApDung:trường hợp tổng giá trị trạng thái ngoại hối ròng (bao gồm cả vàng) của ngân hàng, chi nhánh ngân hàng nước ngoài lớn hơn 2% vốn tự có của ngân hàng, chi nhánh ngân hàng nước ngoài",DoiTuongApDung,"trường hợp tổng giá trị trạng thái ngoại hối ròng (bao gồm cả vàng) của ngân hàng, chi nhánh ngân hàng nước ngoài lớn hơn 2% vốn tự có của ngân hàng, chi nhánh ngân hàng nước ngoài","trường hợp tổng giá trị trạng thái ngoại hối ròng (bao gồm cả vàng) của ngân hàng, chi nhánh ngân hàng nước ngoài lớn hơn 2% vốn tự có của ngân hàng, chi nhánh ngân hàng nước ngoài",164719,rule,0.85,"g, chi nhánh ngân hàng nước ngoài để sửa đổi, bổ sung các quy định, quy trình này."" 15. Sửa đổi, bổ sung khoản 4 Điều 18 như sau: ""4. Vốn yêu cầu cho rủi ro ngoại hối (K FXR ) chỉ áp dụng đối với trường hợp tổng giá trị trạng thái ngoại hối ròng (bao gồm cả vàng) của ngân hàng, chi nhánh ngân hàng nước ngoài lớn hơn 2% vốn tự có của ngân hàng, chi nhánh ngân hàng nước ngoài. Vốn yêu cầu cho rủi ro ngoại hối và tổng trạng thái ngoại hối ròng bao gồm cả vàng được tính theo hướng dẫn tại Phụ lục 4 ban hành kèm theo Thông tư này."" 16. Sửa đổi, bổ sung khoản 1 Điều 21 như sau: ""1. Giám sát, kiể"
CoQuan:quốc hội,CoQuan,Quốc hội,Quốc hội,166170,metadata,1.0,metadata.csv: Quốc hội
NguoiKy:vương đình huệ,NguoiKy,Vương Đình Huệ,Vương Đình Huệ,166170,metadata,1.0,metadata.csv: Vương Đình Huệ
LinhVuc:tín dụng,LinhVuc,Tín dụng,Tín dụng,166170,metadata,1.0,metadata.csv: Tín dụng
"DoiTuongApDung:các trường hợp sau đây: a) sở hữu cổ phần tại công ty con, công ty liên kết là tổ chức tín dụng quy định tại khoản 2 và khoản 3 điều 111 của luật này",DoiTuongApDung,"các trường hợp sau đây: a) Sở hữu cổ phần tại công ty con, công ty liên kết là tổ chức tín dụng quy định tại khoản 2 và khoản 3 Điều 111 của Luật này","các trường hợp sau đây: a) Sở hữu cổ phần tại công ty con, công ty liên kết là tổ chức tín dụng quy định tại khoản 2 và khoản 3 Điều 111 của Luật này",166170,rule,0.85,"tín dụng và người có liên quan của cổ đông đó không được sở hữu cổ phần từ 05% vốn điều lệ trở lên của một tổ chức tín dụng khác. 4. Quy định tại khoản 2 và khoản 3 Điều này không áp dụng đối với các trường hợp sau đây: a) Sở hữu cổ phần tại công ty con, công ty liên kết là tổ chức tín dụng quy định tại khoản 2 và khoản 3 Điều 111 của Luật này; b) Sở hữu cổ phần nhà nước tại tổ chức tín dụng cổ phần hóa; c) Sở hữu cổ phần của nhà đầu tư nước ngoài quy định tại khoản 7 Điều này. 5. Tỷ lệ sở hữu cổ phần quy định tại khoản 1 và khoản 2 Điều này bao gồm cả số cổ"
DoiTuongApDung:quỹ tín dụng nhân dân và trường hợp cấp tín dụng dưới hình thức phát hành thẻ tín dụng cho cá nhân,DoiTuongApDung,quỹ tín dụng nhân dân và trường hợp cấp tín dụng dưới hình thức phát hành thẻ tín dụng cho cá nhân,quỹ tín dụng nhân dân và trường hợp cấp tín dụng dưới hình thức phát hành thẻ tín dụng cho cá nhân,166170,rule,0.85,"định tại Điều lệ của tổ chức tín dụng đó; Tổng giám đốc (Giám đốc), Phó Tổng giám đốc (Phó giám đốc) của chi nhánh ngân hàng nước ngoài đó. 2. Quy định tại khoản 1 Điều này không áp dụng đối với quỹ tín dụng nhân dân và trường hợp cấp tín dụng dưới hình thức phát hành thẻ tín dụng cho cá nhân. 3. Tổ chức tín dụng, chi nhánh ngân hàng nước ngoài không được cấp tín dụng cho khách hàng trên cơ sở bảo đảm của đối tượng quy định tại khoản 1 Điều này. Tổ chức tín dụng, chi nhánh ngân hàng nước ngoài không được bảo"
DoiTuongApDung:chủ thể pháp lý độc lập,DoiTuongApDung,chủ thể pháp lý độc lập,chủ thể pháp lý độc lập,166170,rule,0.85,"ó liên quan. 2. Phải thiết lập và thực hiện độc lập, bình đẳng các hợp đồng, giao dịch khác và quan hệ khác giữa công ty kiểm soát với công ty con, công ty liên kết theo điều kiện áp dụng đối với chủ thể pháp lý độc lập. 3. Không được can thiệp vào tổ chức, hoạt động của công ty con, công ty liên kết, ngoài các quyền, nghĩa vụ của chủ sở hữu, thành viên góp vốn hoặc cổ đông. Điều 142. Góp vốn, mua cổ phần giữa các công ty con, công ty"
DoiTuongApDung:khoản phải thu phát sinh đến thời điểm ngân hàng nhà nước có văn bản quy định tại khoản 2 điều 156 của luật này,DoiTuongApDung,khoản phải thu phát sinh đến thời điểm Ngân hàng Nhà nước có văn bản quy định tại khoản 2 Điều 156 của Luật này,khoản phải thu phát sinh đến thời điểm Ngân hàng Nhà nước có văn bản quy định tại khoản 2 Điều 156 của Luật này,166170,rule,0.85,hênh lệnh thu chi từ kết quả kinh doanh hằng năm của tổ chức tín dụng. Thời gian phân bổ lãi phải thu phải thoái tối đa 05 năm kể từ ngày được Ngân hàng Nhà nước chấp thuận và chỉ áp dụng cho khoản phải thu phát sinh đến thời điểm Ngân hàng Nhà nước có văn bản quy định tại khoản 2 Điều 156 của Luật này. Chính phủ quy định trường hợp tổ chức tín dụng có thời gian phân bổ lãi phải thu phải thoái lớn hơn 05 năm nhưng không quá 10 năm trong trường hợp cần thiết; c) Quỹ tín dụng nhân dân được vay từ quỹ bảo đảm an toàn hệ
"DoiTuongApDung:tổ chức tín dụng, chi nhánh ngân hàng nước ngoài quy định tại điểm a khoản 2 điều 156 của luật này và yêu cầu tổ chức tín dụng, chi nhánh ngân hàng nước ngoài điều chỉnh nội dung p",DoiTuongApDung,"tổ chức tín dụng, chi nhánh ngân hàng nước ngoài quy định tại điểm a khoản 2 Điều 156 của Luật này và yêu cầu tổ chức tín dụng, chi nhánh ngân hàng nước ngoài điều chỉnh nội dung p","tổ chức tín dụng, chi nhánh ngân hàng nước ngoài quy định tại điểm a khoản 2 Điều 156 của Luật này và yêu cầu tổ chức tín dụng, chi nhánh ngân hàng nước ngoài điều chỉnh nội dung p",166170,rule,0.85,"khắc phục theo yêu cầu của Ngân hàng Nhà nước. 3. Ngân hàng Nhà nước có trách nhiệm giám sát việc thực hiện phương án khắc phục, có quyền điều chỉnh các yêu cầu, biện pháp hạn chế áp dụng đối với tổ chức tín dụng, chi nhánh ngân hàng nước ngoài quy định tại điểm a khoản 2 Điều 156 của Luật này và yêu cầu tổ chức tín dụng, chi nhánh ngân hàng nước ngoài điều chỉnh nội dung phương án khắc phục. 4. Trường hợp gia hạn thời hạn thực hiện phương án khắc phục, tổ chức tín dụng, chi nhánh ngân hàng nước ngoài phải thực hiện theo quy định tại Điều 158 của Luật này. 5. Trường hợp sửa đổi, bổ sung cá"
DoiTuongApDung:khoản phải thu phát sinh đến thời điểm tổ chức tín dụng được đặt vào kiểm soát đặc biệt,DoiTuongApDung,khoản phải thu phát sinh đến thời điểm tổ chức tín dụng được đặt vào kiểm soát đặc biệt,khoản phải thu phát sinh đến thời điểm tổ chức tín dụng được đặt vào kiểm soát đặc biệt,166170,rule,0.85,"chênh lệnh thu chi từ kết quả kinh doanh hằng năm của tổ chức tín dụng. Thời gian phân bổ lãi phải thu phải thoái tối đa 10 năm kể từ khi được Ngân hàng Nhà nước chấp thuận và chỉ áp dụng cho khoản phải thu phát sinh đến thời điểm tổ chức tín dụng được đặt vào kiểm soát đặc biệt; h) Khi thực hiện giải pháp tăng vốn điều lệ theo phương án phục hồi, cổ đông, thành viên góp vốn được sở hữu cổ phần, phần vốn góp vượt giới hạn tỷ lệ sở hữu cổ phần, phần vốn góp quy định tại Điều 63 và Điều 77 của Lu"
CoQuan:quốc hội,CoQuan,Quốc hội,Quốc hội,166269,metadata,1.0,metadata.csv: Quốc hội
NguoiKy:vương đình huệ,NguoiKy,Vương Đình Huệ,Vương Đình Huệ,166269,metadata,1.0,metadata.csv: Vương Đình Huệ
LinhVuc:chưa phân loại,LinhVuc,Chưa phân loại,Chưa phân loại,166269,metadata,1.0,metadata.csv: Chưa phân loại
DoiTuongApDung:hàng hóa xuất khẩu của việt nam,DoiTuongApDung,hàng hóa xuất khẩu của Việt Nam,hàng hóa xuất khẩu của Việt Nam,166269,rule,0.85,"tác, hợp tác xã, liên hiệp hợp tác xã được cung cấp thông tin về pháp lý, kinh tế; khảo sát và nghiên cứu thị trường; thông tin dự báo, cảnh báo các biện pháp phòng vệ thương mại áp dụng đối với hàng hóa xuất khẩu của Việt Nam. 2. Hỗ trợ tổ hợp tác, hợp tác xã, liên hiệp hợp tác xã liên kết hình thành vùng nguyên liệu, sản xuất, tiêu thụ sản phẩm, áp dụng và chứng nhận các tiêu chuẩn để phát triển thị trường. 3. Hỗ trợ tổ hợp tác, hợp tác xã,"
DoiTuongApDung:nhà đầu tư nước ngoài theo quy định của pháp luật về đầu tư và pháp luật có liên quan,DoiTuongApDung,nhà đầu tư nước ngoài theo quy định của pháp luật về đầu tư và pháp luật có liên quan,nhà đầu tư nước ngoài theo quy định của pháp luật về đầu tư và pháp luật có liên quan,166269,rule,0.85,"c xã có thành viên chính thức, thành viên liên kết góp vốn là tổ chức kinh tế có vốn đầu tư nước ngoài, cá nhân là nhà đầu tư nước ngoài phải đáp ứng điều kiện tiếp cận thị trường áp dụng đối với nhà đầu tư nước ngoài theo quy định của pháp luật về đầu tư và pháp luật có liên quan. 7. Tổng số thành viên chính thức là tổ chức kinh tế có vốn đầu tư nước ngoài và cá nhân là nhà đầu tư nước ngoài phải chiếm tỷ lệ dưới 35% tổng số thành viên chính thức của hợp tác xã. Điều 31. Quyền của thành viên hợp"
DoiTuongApDung:chủ thể pháp lý độc lập,DoiTuongApDung,chủ thể pháp lý độc lập,chủ thể pháp lý độc lập,166269,rule,0.85,"t có liên quan. 3. Hợp đồng, giao dịch khác giữa hợp tác xã, liên hiệp hợp tác xã và doanh nghiệp được thành lập phải được thiết lập và thực hiện độc lập, bình đẳng theo điều kiện áp dụng đối với chủ thể pháp lý độc lập. 4. Doanh nghiệp được thành lập không được trở thành thành viên chính thức, thành viên liên kết góp vốn của hợp tác xã, liên hiệp hợp tác xã đó. 5. Việc thành lập doanh nghiệp của hợp tác xã, liên hiệp hợp tác xã phải b"
CoQuan:ngân hàng nhà nước việt nam,CoQuan,Ngân hàng Nhà nước Việt Nam,Ngân hàng Nhà nước Việt Nam,168220,metadata,1.0,metadata.csv: Ngân hàng Nhà nước Việt Nam
NguoiKy:đào minh tú,NguoiKy,Đào Minh Tú,Đào Minh Tú,168220,metadata,1.0,metadata.csv: Đào Minh Tú
"LinhVuc:thanh tra, giám sát ngân hàng",LinhVuc,"Thanh tra, giám sát ngân hàng","Thanh tra, giám sát ngân hàng",168220,metadata,1.0,"metadata.csv: Thanh tra, giám sát ngân hàng"
DoiTuongApDung:quỹ bảo toàn 1,DoiTuongApDung,Quỹ bảo toàn 1,Quỹ bảo toàn 1,168220,rule,0.85,"từ Quỹ bảo toàn Hồ sơ, trình tự, thời hạn, lãi suất cho vay hỗ trợ thực hiện theo Quy chế quản lý và sử dụng Quỹ bảo toàn do ngân hàng hợp tác xã ban hành. Điều 29. Chế độ báo cáo áp dụng đối với Quỹ bảo toàn 1. Hằng năm, chậm nhất vào ngày 15 tháng 7, ngân hàng hợp tác xã có trách nhiệm gửi báo cáo tình hình hoạt động 6 tháng đầu năm của Quỹ bảo toàn cho Ngân hàng Nhà nước theo mẫu quy định tại Phụ lục số 03 ban hành kèm theo"
CoQuan:ngân hàng nhà nước việt nam,CoQuan,Ngân hàng Nhà nước Việt Nam,Ngân hàng Nhà nước Việt Nam,168859,metadata,1.0,metadata.csv: Ngân hàng Nhà nước Việt Nam
NguoiKy:đào minh tú,NguoiKy,Đào Minh Tú,Đào Minh Tú,168859,metadata,1.0,metadata.csv: Đào Minh Tú
"LinhVuc:thanh tra, giám sát ngân hàng",LinhVuc,"Thanh tra, giám sát ngân hàng","Thanh tra, giám sát ngân hàng",168859,metadata,1.0,"metadata.csv: Thanh tra, giám sát ngân hàng"
DoiTuongApDung:thành viên,DoiTuongApDung,thành viên,thành viên,168859,rule,0.85,"vay với quỹ tín dụng nhân dân. Hộ nghèo phải được Ủy ban nhân dân cấp huyện phê duyệt. Quy trình, thủ tục, hồ sơ cho vay các thành viên hộ nghèo thực hiện theo quy định về cho vay áp dụng đối với thành viên. 5. Quỹ tín dụng nhân dân không được cho vay khách hàng để mua, đầu tư chứng khoán. 6. Quỹ tín dụng nhân dân cho vay hợp vốn cùng với ngân hàng hợp tác xã đối với thành viên của quỹ tín dụng nhân dân theo quy định của p"
CoQuan:ngân hàng nhà nước việt nam,CoQuan,Ngân hàng Nhà nước Việt Nam,Ngân hàng Nhà nước Việt Nam,169221,metadata,1.0,metadata.csv: Ngân hàng Nhà nước Việt Nam
NguoiKy:phạm thanh hà,NguoiKy,Phạm Thanh Hà,Phạm Thanh Hà,169221,metadata,1.0,metadata.csv: Phạm Thanh Hà
LinhVuc:quản lý ngoại hối,LinhVuc,Quản lý ngoại hối,Quản lý ngoại hối,169221,metadata,1.0,metadata.csv: Quản lý ngoại hối
DoiTuongApDung:ngày thực hiện giao dịch,DoiTuongApDung,ngày thực hiện giao dịch,ngày thực hiện giao dịch,169221,rule,0.85,"g án can thiệp hoặc tại phương án can thiệp không có nội dung về tỷ giá giao ngay thì áp dụng tỷ giá mua và tỷ giá bán ngoại tệ bằng tỷ giá trung tâm do Ngân hàng Nhà nước công bố áp dụng đối với ngày thực hiện giao dịch; b) Trường hợp mua, bán ngoại tệ khác ngoài đô la Mỹ, tỷ giá mua và tỷ giá bán ngoại tệ được áp dụng trên cơ sở tỷ giá tính chéo của tỷ giá xác định tại điểm a khoản này và tỷ giá bình quân của giá mua và giá bán giữa l"
DoiTuongApDung:việc hạch toán theo quy định tại khoản 2 và khoản 3 điều 26 thông tư này và thông báo cho các đơn vị liên quan,DoiTuongApDung,việc hạch toán theo quy định tại khoản 2 và khoản 3 Điều 26 Thông tư này và thông báo cho các đơn vị liên quan,việc hạch toán theo quy định tại khoản 2 và khoản 3 Điều 26 Thông tư này và thông báo cho các đơn vị liên quan,169221,rule,0.85,"a đổi, bổ sung điểm đ khoản 1 như sau: “đ) Xác định giá vàng quy đô la Mỹ và đồng Việt Nam của vàng thuộc dự trữ ngoại hối nhà nước và tỷ giá của đồng Việt Nam với một số ngoại tệ áp dụng cho việc hạch toán theo quy định tại khoản 2 và khoản 3 Điều 26 Thông tư này và thông báo cho các đơn vị liên quan;” b) Sửa đổi, bổ sung điểm k khoản 1 như sau: “k) Công bố trên mạng giao dịch FXT hoặc các phương tiện khác một số nội dung của phương án can thiệp theo phê duyệt của Thống đốc tại từng phương án can thiệp thị trường tr"
CoQuan:ngân hàng nhà nước việt nam,CoQuan,Ngân hàng Nhà nước Việt Nam,Ngân hàng Nhà nước Việt Nam,173460,metadata,1.0,metadata.csv: Ngân hàng Nhà nước Việt Nam
NguoiKy:đoàn thái sơn,NguoiKy,Đoàn Thái Sơn,Đoàn Thái Sơn,173460,metadata,1.0,metadata.csv: Đoàn Thái Sơn
"LinhVuc:thanh tra, giám sát ngân hàng",LinhVuc,"Thanh tra, giám sát ngân hàng","Thanh tra, giám sát ngân hàng",173460,metadata,1.0,"metadata.csv: Thanh tra, giám sát ngân hàng"
CoQuan:ngân hàng nhà nước việt nam,CoQuan,Ngân hàng Nhà nước Việt Nam,Ngân hàng Nhà nước Việt Nam,173695,metadata,1.0,metadata.csv: Ngân hàng Nhà nước Việt Nam
NguoiKy:đoàn thái sơn,NguoiKy,Đoàn Thái Sơn,Đoàn Thái Sơn,173695,metadata,1.0,metadata.csv: Đoàn Thái Sơn
"LinhVuc:thanh tra, giám sát ngân hàng",LinhVuc,"Thanh tra, giám sát ngân hàng","Thanh tra, giám sát ngân hàng",173695,metadata,1.0,"metadata.csv: Thanh tra, giám sát ngân hàng"
CoQuan:ngân hàng nhà nước việt nam,CoQuan,Ngân hàng Nhà nước Việt Nam,Ngân hàng Nhà nước Việt Nam,174218,metadata,1.0,metadata.csv: Ngân hàng Nhà nước Việt Nam
NguoiKy:đoàn thái sơn,NguoiKy,Đoàn Thái Sơn,Đoàn Thái Sơn,174218,metadata,1.0,metadata.csv: Đoàn Thái Sơn
"LinhVuc:thanh tra, giám sát ngân hàng",LinhVuc,"Thanh tra, giám sát ngân hàng","Thanh tra, giám sát ngân hàng",174218,metadata,1.0,"metadata.csv: Thanh tra, giám sát ngân hàng"
CoQuan:ngân hàng nhà nước việt nam,CoQuan,Ngân hàng Nhà nước Việt Nam,Ngân hàng Nhà nước Việt Nam,177271,metadata,1.0,metadata.csv: Ngân hàng Nhà nước Việt Nam
NguoiKy:đoàn thái sơn,NguoiKy,Đoàn Thái Sơn,Đoàn Thái Sơn,177271,metadata,1.0,metadata.csv: Đoàn Thái Sơn
LinhVuc:cục an toàn hệ thống các tổ chức tín dụng,LinhVuc,Cục An toàn hệ thống các tổ chức tín dụng,Cục An toàn hệ thống các tổ chức tín dụng,177271,metadata,1.0,metadata.csv: Cục An toàn hệ thống các tổ chức tín dụng
CoQuan:ngân hàng nhà nước việt nam,CoQuan,Ngân hàng Nhà nước Việt Nam,Ngân hàng Nhà nước Việt Nam,185630,metadata,1.0,metadata.csv: Ngân hàng Nhà nước Việt Nam
NguoiKy:đoàn thái sơn,NguoiKy,Đoàn Thái Sơn,Đoàn Thái Sơn,185630,metadata,1.0,metadata.csv: Đoàn Thái Sơn
"LinhVuc:lao động, tiền lương, tiền công",LinhVuc,"Lao động, tiền lương, tiền công","Lao động, tiền lương, tiền công",185630,metadata,1.0,"metadata.csv: Lao động, tiền lương, tiền công"
CoQuan:ngân hàng nhà nước việt nam,CoQuan,Ngân hàng Nhà nước Việt Nam,Ngân hàng Nhà nước Việt Nam,186482,metadata,1.0,metadata.csv: Ngân hàng Nhà nước Việt Nam
NguoiKy:đoàn thái sơn,NguoiKy,Đoàn Thái Sơn,Đoàn Thái Sơn,186482,metadata,1.0,metadata.csv: Đoàn Thái Sơn
LinhVuc:cục an toàn hệ thống các tổ chức tín dụng,LinhVuc,Cục An toàn hệ thống các tổ chức tín dụng,Cục An toàn hệ thống các tổ chức tín dụng,186482,metadata,1.0,metadata.csv: Cục An toàn hệ thống các tổ chức tín dụng
DoiTuongApDung:tổ chức tín dụng phi ngân hàng nộp hồ sơ đề nghị vào năm thứ hai tính từ ngày khai trương hoạt động,DoiTuongApDung,tổ chức tín dụng phi ngân hàng nộp hồ sơ đề nghị vào năm thứ hai tính từ ngày khai trương hoạt động,tổ chức tín dụng phi ngân hàng nộp hồ sơ đề nghị vào năm thứ hai tính từ ngày khai trương hoạt động,186482,rule,0.85,c điều kiện sau: a) Hoạt động kinh doanh có lãi theo báo cáo tài chính hợp nhất và báo cáo tài chính riêng lẻ được kiểm toán của năm trước liền kề năm đề nghị. Điều kiện này không áp dụng đối với tổ chức tín dụng phi ngân hàng nộp hồ sơ đề nghị vào năm thứ hai tính từ ngày khai trương hoạt động; b) Tại thời điểm đề nghị không bị cơ quan có thẩm quyền áp dụng biện pháp không cho mở rộng địa bàn hoạt động; c) Tỷ lệ nợ xấu so với tổng dư nợ tại thời điểm 31 tháng 12 của năm trước liền kề năm đề nghị và tại thời đ
CoQuan:ngân hàng nhà nước việt nam,CoQuan,Ngân hàng Nhà nước Việt Nam,Ngân hàng Nhà nước Việt Nam,186888,metadata,1.0,metadata.csv: Ngân hàng Nhà nước Việt Nam
NguoiKy:đoàn thái sơn,NguoiKy,Đoàn Thái Sơn,Đoàn Thái Sơn,186888,metadata,1.0,metadata.csv: Đoàn Thái Sơn
LinhVuc:cục an toàn hệ thống các tổ chức tín dụng,LinhVuc,Cục An toàn hệ thống các tổ chức tín dụng,Cục An toàn hệ thống các tổ chức tín dụng,186888,metadata,1.0,metadata.csv: Cục An toàn hệ thống các tổ chức tín dụng
DoiTuongApDung:ngân hàng hợp tác xã),DoiTuongApDung,ngân hàng hợp tác xã),ngân hàng hợp tác xã),186888,rule,0.85,"đa dạng hóa nguồn vốn huy động, thời hạn vốn huy động để tăng sự ổn định Nợ phải trả, hỗ trợ thanh khoản hàng ngày; c) Nguyên tắc thực hiện kiểm tra sức chịu đựng về thanh khoản (áp dụng đối với ngân hàng hợp tác xã). 3. Tổ chức tín dụng phải thiết lập hạn mức rủi ro thanh khoản bao gồm: a) Các hạn mức rủi ro đảm bảo tuân thủ quy định của pháp luật có liên quan về: (i) Tỷ lệ khả năng chi trả; (ii) Tỷ lệ dư nợ cho vay so với tổng tiề"
CoQuan:quốc hội,CoQuan,Quốc hội,Quốc hội,25692,metadata,1.0,metadata.csv: Quốc hội
NguoiKy:nguyễn phú trọng,NguoiKy,Nguyễn Phú Trọng,Nguyễn Phú Trọng,25692,metadata,1.0,metadata.csv: Nguyễn Phú Trọng
CoQuan:quốc hội,CoQuan,Quốc hội,Quốc hội,26750,metadata,1.0,metadata.csv: Quốc hội
NguoiKy:nguyễn phú trọng,NguoiKy,Nguyễn Phú Trọng,Nguyễn Phú Trọng,26750,metadata,1.0,metadata.csv: Nguyễn Phú Trọng
LinhVuc:chưa phân loại,LinhVuc,Chưa phân loại,Chưa phân loại,26750,metadata,1.0,metadata.csv: Chưa phân loại
"DoiTuongApDung:kiểm toán viên, kiểm toán viên hành nghề, doanh nghiệp kiểm toán, chi nhánh doanh nghiệp kiểm toán nước ngoài tại việt nam, đơn vị được kiểm toán, tổ chức nghề nghiệp về kiểm toán",DoiTuongApDung,"kiểm toán viên, kiểm toán viên hành nghề, doanh nghiệp kiểm toán, chi nhánh doanh nghiệp kiểm toán nước ngoài tại Việt Nam, đơn vị được kiểm toán, tổ chức nghề nghiệp về kiểm toán","kiểm toán viên, kiểm toán viên hành nghề, doanh nghiệp kiểm toán, chi nhánh doanh nghiệp kiểm toán nước ngoài tại Việt Nam, đơn vị được kiểm toán, tổ chức nghề nghiệp về kiểm toán",26750,rule,0.85,"ghĩa vụ của kiểm toán viên hành nghề, doanh nghiệp kiểm toán, chi nhánh doanh nghiệp kiểm toán nước ngoài tại Việt Nam và đơn vị được kiểm toán. Điều 2. Đối tượng áp dụng Luật này áp dụng đối với kiểm toán viên, kiểm toán viên hành nghề, doanh nghiệp kiểm toán, chi nhánh doanh nghiệp kiểm toán nước ngoài tại Việt Nam, đơn vị được kiểm toán, tổ chức nghề nghiệp về kiểm toán và tổ chức, cá nhân khác có liên quan đến hoạt động kiểm toán độc lập. Điều 3. Áp dụng Luật Kiểm toán độc lập, điều ước quốc tế và các luật có liên quan 1. Tổ chức, cá nhân trong nước và tổ chức, cá nhân nước ngoài tham"
CoQuan:ngân hàng nhà nước việt nam,CoQuan,Ngân hàng Nhà nước Việt Nam,Ngân hàng Nhà nước Việt Nam,27257,metadata,1.0,metadata.csv: Ngân hàng Nhà nước Việt Nam
NguoiKy:trần minh tuấn,NguoiKy,Trần Minh Tuấn,Trần Minh Tuấn,27257,metadata,1.0,metadata.csv: Trần Minh Tuấn
LinhVuc:chưa phân loại,LinhVuc,Chưa phân loại,Chưa phân loại,27257,metadata,1.0,metadata.csv: Chưa phân loại
CoQuan:bộ tài chính,CoQuan,Bộ Tài chính,Bộ Tài chính,30402,metadata,1.0,metadata.csv: Bộ Tài chính
NguoiKy:trần xuân hà,NguoiKy,Trần Xuân Hà,Trần Xuân Hà,30402,metadata,1.0,metadata.csv: Trần Xuân Hà
LinhVuc:quản lý dịch vụ tài chính và các quỹ tài chính,LinhVuc,Quản lý dịch vụ tài chính và các quỹ tài chính,Quản lý dịch vụ tài chính và các quỹ tài chính,30402,metadata,1.0,metadata.csv: Quản lý dịch vụ tài chính và các quỹ tài chính
CoQuan:ngân hàng nhà nước việt nam,CoQuan,Ngân hàng Nhà nước Việt Nam,Ngân hàng Nhà nước Việt Nam,38128,metadata,1.0,metadata.csv: Ngân hàng Nhà nước Việt Nam
NguoiKy:đào minh tú,NguoiKy,Đào Minh Tú,Đào Minh Tú,38128,metadata,1.0,metadata.csv: Đào Minh Tú
LinhVuc:phát hành và kho quỹ,LinhVuc,Phát hành và kho quỹ,Phát hành và kho quỹ,38128,metadata,1.0,metadata.csv: Phát hành và kho quỹ
CoQuan:ngân hàng nhà nước việt nam,CoQuan,Ngân hàng Nhà nước Việt Nam,Ngân hàng Nhà nước Việt Nam,44209,metadata,1.0,metadata.csv: Ngân hàng Nhà nước Việt Nam
NguoiKy:đào minh tú,NguoiKy,Đào Minh Tú,Đào Minh Tú,44209,metadata,1.0,metadata.csv: Đào Minh Tú
LinhVuc:phát hành và kho quỹ,LinhVuc,Phát hành và kho quỹ,Phát hành và kho quỹ,44209,metadata,1.0,metadata.csv: Phát hành và kho quỹ
DoiTuongApDung:ngân hàng nhà nước việt nam,DoiTuongApDung,Ngân hàng Nhà nước Việt Nam,Ngân hàng Nhà nước,44209,rule,0.85,"t trong giao dịch một cửa, ngân hàng bán lẻ và các hoạt động có liên quan đến thu, chi tiền mặt khác). 3. Cục trưởng Cục Phát hành và Kho quỹ hướng dẫn quy trình thu, chi tiền mặt áp dụng đối với Ngân hàng Nhà nước. Điều 11. Giao nhận tiền mặt trong ngành Ngân hàng 1. Giao nhận tiền mặt theo bó tiền đủ 10 thếp, nguyên niêm phong hoặc túi tiền nguyên niêm phong kẹp chì trong các trường hợp: a) Giao nhận tiền mặt trong nội bộ Sở Gia"
CoQuan:ngân hàng nhà nước việt nam,CoQuan,Ngân hàng Nhà nước Việt Nam,Ngân hàng Nhà nước Việt Nam,6e689cd0-6f81-11f1-94d6-fd5d6d5ff793,metadata,1.0,metadata.csv: Ngân hàng Nhà nước Việt Nam
NguoiKy:đoàn thái sơn,NguoiKy,Đoàn Thái Sơn,Đoàn Thái Sơn,6e689cd0-6f81-11f1-94d6-fd5d6d5ff793,metadata,1.0,metadata.csv: Đoàn Thái Sơn
CoQuan:chính phủ,CoQuan,Chính phủ,Chính phủ,95652,metadata,1.0,metadata.csv: Chính phủ
NguoiKy:nguyễn tấn dũng,NguoiKy,Nguyễn Tấn Dũng,Nguyễn Tấn Dũng,95652,metadata,1.0,metadata.csv: Nguyễn Tấn Dũng
LinhVuc:chưa phân loại,LinhVuc,Chưa phân loại,Chưa phân loại,95652,metadata,1.0,metadata.csv: Chưa phân loại
DoiTuongApDung:tổ chức tự doanh là công ty đầu tư chứng khoán và quỹ đầu tư chứng khoán thực hiện đầu tư gián tiếp ra nước ngoài thông qua công ty quản lý quỹ),DoiTuongApDung,tổ chức tự doanh là công ty đầu tư chứng khoán và quỹ đầu tư chứng khoán thực hiện đầu tư gián tiếp ra nước ngoài thông qua công ty quản lý quỹ),tổ chức tự doanh là công ty đầu tư chứng khoán và quỹ đầu tư chứng khoán thực hiện đầu tư gián tiếp ra nước ngoài thông qua công ty quản lý quỹ),95652,rule,0.85,"h ngân hàng nước ngoài được phép cung ứng dịch vụ ngoại hối tại Việt Nam để thực hiện các giao dịch thu, chi liên quan đến hoạt động tự doanh đầu tư gián tiếp ra nước ngoài (không áp dụng đối với tổ chức tự doanh là công ty đầu tư chứng khoán và quỹ đầu tư chứng khoán thực hiện đầu tư gián tiếp ra nước ngoài thông qua công ty quản lý quỹ); b) Trường hợp tổ chức tự doanh là quỹ đầu tư chứng khoán và công ty đầu tư chứng khoán thực hiện đầu tư gián tiếp ra nước ngoài thông qua công ty quản lý quỹ thì công ty quản lý quỹ phải mở 01 (một) tài khoản vốn đầu t"
"DoiTuongApDung:tổng công ty đầu tư và kinh doanh vốn nhà nước, quỹ đầu tư chứng khoán, công ty đầu tư chứng khoán)",DoiTuongApDung,"Tổng công ty đầu tư và kinh doanh vốn nhà nước, quỹ đầu tư chứng khoán, công ty đầu tư chứng khoán)","Tổng công ty đầu tư và kinh doanh vốn nhà nước, quỹ đầu tư chứng khoán, công ty đầu tư chứng khoán)",95652,rule,0.85,"nước ngoài: a) Để được tự doanh đầu tư gián tiếp ra nước ngoài, tổ chức tự doanh phải được cơ quan có thẩm quyền cấp giấy chứng nhận đăng ký đầu tư gián tiếp ra nước ngoài (không áp dụng đối với Tổng công ty đầu tư và kinh doanh vốn nhà nước, quỹ đầu tư chứng khoán, công ty đầu tư chứng khoán); b) Để được tự doanh đầu tư gián tiếp ra nước ngoài, tổ chức tự doanh là quỹ đầu tư chứng khoán, công ty đầu tư chứng khoán phải được cơ quan có thẩm quyền chấp thuận cho phép đầu tư gián tiếp ra nước ngoài. 2. Để được"
"DoiTuongApDung:quỹ đầu tư chứng khoán, công ty đầu tư chứng khoán)",DoiTuongApDung,"quỹ đầu tư chứng khoán, công ty đầu tư chứng khoán)","quỹ đầu tư chứng khoán, công ty đầu tư chứng khoán)",95652,rule,0.85,"ngoài được thể hiện trên báo cáo tài chính đã được kiểm toán độc lập bởi các tổ chức kiểm toán độc lập và không có ý kiến ngoại trừ trọng yếu theo quy định của Bộ Tài chính (không áp dụng đối với quỹ đầu tư chứng khoán, công ty đầu tư chứng khoán). 2. Thực hiện đầy đủ các nghĩa vụ tài chính với Nhà nước, không có nợ thuế đối với ngân sách nhà nước. 3. Có tài liệu chứng minh về nguồn ngoại tệ trên tài khoản để ủy thác đầu tư gián tiếp ra nước ngoài là ngoại tệ tự"
DoiTuongApDung:tổng công ty đầu tư và kinh doanh vốn nhà nước),DoiTuongApDung,Tổng công ty đầu tư và kinh doanh vốn nhà nước),Tổng công ty đầu tư và kinh doanh vốn nhà nước),95652,rule,0.85,"của tổ chức tự doanh là quỹ đầu tư chứng khoán, công ty đầu tư chứng khoán; c) Tỷ lệ đầu tư an toàn của tổ chức tự doanh do cơ quan quản lý nhà nước có thẩm quyền quy định (không áp dụng đối với Tổng công ty đầu tư và kinh doanh vốn nhà nước); d) Tình hình hoạt động đầu tư gián tiếp ra nước ngoài của tổ chức tự doanh của các năm trước; đ) Tình hình kinh tế vĩ mô và mục tiêu chính sách tiền tệ trong từng thời kỳ. 2. Chậm nhất ngày 15 tháng 4 hàng năm, tổ chức"
CoQuan:bộ tài chính,CoQuan,Bộ Tài chính,Bộ Tài chính,f69936f0-6937-11f1-a48d-29bc6b0fd706,metadata,1.0,metadata.csv: Bộ Tài chính
NguoiKy:nguyễn đức chi,NguoiKy,Nguyễn Đức Chi,Nguyễn Đức Chi,f69936f0-6937-11f1-a48d-29bc6b0fd706,metadata,1.0,metadata.csv: Nguyễn Đức Chi
"DoiTuongApDung:tổ chức, trừ trường hợp quy định tại các khoản 3, 4 và 5 điều 15, khoản 2 điều 30 nghị định này quy định mức phạt tiền áp dụng đối với cá nhân, trường hợp quy định tại khoản 3 và k",DoiTuongApDung,"tổ chức, trừ trường hợp quy định tại các khoản 3, 4 và 5 Điều 15, Khoản 2 Điều 30 Nghị định này quy định mức phạt tiền áp dụng đối với cá nhân, trường hợp quy định tại khoản 3 và k","tổ chức, trừ trường hợp quy định tại các khoản 3, 4 và 5 Điều 15, Khoản 2 Điều 30 Nghị định này quy định mức phạt tiền áp dụng đối với cá nhân, trường hợp quy định tại khoản 3 và k",f69936f0-6937-11f1-a48d-29bc6b0fd706,rule,0.85,"vi vi phạm khác trong lĩnh vực chứng khoán là 3.000.000.000 đồng đối với tổ chức và 1.500.000.000 đồng đối với cá nhân; c) Mức phạt tiền quy định tại Chương II Nghị định này được áp dụng đối với tổ chức, trừ trường hợp quy định tại các khoản 3, 4 và 5 Điều 15, Khoản 2 Điều 30 Nghị định này quy định mức phạt tiền áp dụng đối với cá nhân, trường hợp quy định tại khoản 3 và khoản 5 Điều 39 Nghị định này quy định cả mức phạt tiền áp dụng cho tổ chức và cho cá nhân. Trường hợp cá nhân có hành vi vi phạm như của tổ chức thì mức phạt tiền bằng 1/2 mức phạt tiền đối với tổ chức. Điều 6. Thời hiệu"
DoiTuongApDung:tổ chức và cho cá nhân,DoiTuongApDung,tổ chức và cho cá nhân,tổ chức và cho cá nhân,f69936f0-6937-11f1-a48d-29bc6b0fd706,rule,0.85,"5 Điều 15, Khoản 2 Điều 30 Nghị định này quy định mức phạt tiền áp dụng đối với cá nhân, trường hợp quy định tại khoản 3 và khoản 5 Điều 39 Nghị định này quy định cả mức phạt tiền áp dụng cho tổ chức và cho cá nhân. Trường hợp cá nhân có hành vi vi phạm như của tổ chức thì mức phạt tiền bằng 1/2 mức phạt tiền đối với tổ chức. Điều 6. Thời hiệu xử phạt vi phạm hành chính trong lĩnh vực chứng khoán [23] 1. Thời hiệu xử phạt vi phạm"
"DoiTuongApDung:tất cả các cổ đông của công ty mục tiêu hoặc nhà đầu tư của quỹ đầu tư mục tiêu, bao gồm cả các cổ đông hoặc nhà đầu tư đã gửi đăng ký bán cho bên chào mua",DoiTuongApDung,"tất cả các cổ đông của công ty mục tiêu hoặc nhà đầu tư của quỹ đầu tư mục tiêu, bao gồm cả các cổ đông hoặc nhà đầu tư đã gửi đăng ký bán cho bên chào mua","tất cả các cổ đông của công ty mục tiêu hoặc nhà đầu tư của quỹ đầu tư mục tiêu, bao gồm cả các cổ đông hoặc nhà đầu tư đã gửi đăng ký bán cho bên chào mua",f69936f0-6937-11f1-a48d-29bc6b0fd706,rule,0.85,"in về việc chào mua công khai hoặc thực hiện báo cáo, công bố thông tin về việc chào mua công khai không đúng quy định pháp luật; k) [61] Không bảo đảm việc tăng giá chào mua được áp dụng đối với tất cả các cổ đông của công ty mục tiêu hoặc nhà đầu tư của quỹ đầu tư mục tiêu, bao gồm cả các cổ đông hoặc nhà đầu tư đã gửi đăng ký bán cho bên chào mua; điều chỉnh giảm giá chào mua công khai trong quá trình chào mua công khai; l) Không chỉ định một công ty chứng khoán làm đại lý thực hiện việc chào mua công khai; không cập nhật về đại lý chào mua công khai kèm theo xá"
