source_id,source_so_ky_hieu,target_so_ky_hieu,trigger,evidence
112025,73/2016/NĐ-CP,67/2014/NĐ-CP,reference,"nước có thẩm quyền và thực hiện đầy đủ nghĩa vụ tài chính theo quy định pháp luật. Điều 86. Đại lý bán sản phẩm bảo hiểm liên kết đầu tư, bảo hiểm hưu trí, bảo hiểm theo Nghị định 67/2014/NĐ-CP 1. Đại lý bảo hiểm bán bảo hiểm liên kết đơn vị phải đáp ứng các điều kiện sau: a) Không vi phạm quy định pháp luật về hoạt động đại lý bảo hiểm và quy tắc đạo đức nghề nghiệp đại lý của doanh nghiệp bảo hiểm; b) Được d"
112025,73/2016/NĐ-CP,45/2007/NĐ-CP,Nghị định số,nhiệm hình sự theo quy định pháp luật. Chương XI ĐIỀU KHOẢN THI HÀNH Điều 115. Hiệu lực thi hành 1. Nghị định này có hiệu lực thi hành từ ngày 01 tháng 7 năm 2016. 2. Nghị định số 45/2007/NĐ-CP ngày 27 tháng 3 năm 2007 của Chính phủ quy định chi tiết thi hành một số điều của Luật kinh doanh bảo hiểm; Nghị định số 123/2011/NĐ-CP ngày 28 tháng 12 năm 2011 của Chính phủ quy định chi tiết thi hành một số điều của 
112025,73/2016/NĐ-CP,123/2011/NĐ-CP,"Sửa đổi, bổ sung","từ ngày 01 tháng 7 năm 2016. 2. Nghị định số 45/2007/NĐ-CP ngày 27 tháng 3 năm 2007 của Chính phủ quy định chi tiết thi hành một số điều của Luật kinh doanh bảo hiểm; Nghị định số 123/2011/NĐ-CP ngày 28 tháng 12 năm 2011 của Chính phủ quy định chi tiết thi hành một số điều của Luật sửa đổi, bổ sung một số điều của Luật kinh doanh bảo hiểm và sửa đổi, bổ sung một số điều của Nghị định số 45/2007/NĐ-CP ngày 27 th"
112025,73/2016/NĐ-CP,45/2007/NĐ-CP,"Sửa đổi, bổ sung","2 năm 2011 của Chính phủ quy định chi tiết thi hành một số điều của Luật sửa đổi, bổ sung một số điều của Luật kinh doanh bảo hiểm và sửa đổi, bổ sung một số điều của Nghị định số 45/2007/NĐ-CP ngày 27 tháng 3 năm 2007 của Chính phủ quy định chi tiết thi hành một số điều của Luật kinh doanh bảo hiểm; Nghị định số 68/2014/NĐ-CP ngày 09 tháng 7 năm 2014 của Chính phủ sửa đổi, bổ sung một số điều của Nghị định số"
112025,73/2016/NĐ-CP,68/2014/NĐ-CP,"Sửa đổi, bổ sung","ửa đổi, bổ sung một số điều của Nghị định số 45/2007/NĐ-CP ngày 27 tháng 3 năm 2007 của Chính phủ quy định chi tiết thi hành một số điều của Luật kinh doanh bảo hiểm; Nghị định số 68/2014/NĐ-CP ngày 09 tháng 7 năm 2014 của Chính phủ sửa đổi, bổ sung một số điều của Nghị định số 45/2007/NĐ-CP ngày 27 tháng 3 năm 2007 của Chính phủ quy định chi tiết thi hành một số điều của Luật kinh doanh bảo hiểm và Nghị định "
112025,73/2016/NĐ-CP,46/2007/NĐ-CP,Nghị định số," đổi, bổ sung một số điều của Nghị định số 45/2007/NĐ-CP ngày 27 tháng 3 năm 2007 của Chính phủ quy định chi tiết thi hành một số điều của Luật kinh doanh bảo hiểm và Nghị định số 46/2007/NĐ-CP ngày 27 tháng 3 năm 2007 của Chính phủ quy định chế độ tài chính đối với doanh nghiệp bảo hiểm, doanh nghiệp môi giới bảo hiểm hết hiệu lực thi hành kể từ ngày Nghị định này có hiệu lực. Điều 116. Trách nhiệm thi hành C"
112924,105/2016/TT-BTC,28/2005/PL-UBTVQH,"Sửa đổi, bổ sung"," Luật Kinh doanh bảo hiểm ngày 09 tháng 12 năm 2000; Căn cứ Luật sửa đổi, bổ sung một số điều của Luật Kinh doanh bảo hiểm ngày 24 tháng 11 năm 2010; Căn cứ Pháp lệnh Ngoại hối số 28/2005/PL-UBTVQH ngày 13 tháng 12 năm 2005; Căn cứ Pháp lệnh số 06/2013/PL-UBTVQH13 ngày 18 tháng 03 năm 2013 sửa đổi, bổ sung một số điều của Pháp lệnh Ngoại hối; Căn cứ Nghị định số 215/2013/NĐ-CP ngày 23 tháng 12 năm 2013 của Chính p"
112924,105/2016/TT-BTC,06/2013/PL,"Sửa đổi, bổ sung","sửa đổi, bổ sung một số điều của Luật Kinh doanh bảo hiểm ngày 24 tháng 11 năm 2010; Căn cứ Pháp lệnh Ngoại hối số 28/2005/PL-UBTVQH ngày 13 tháng 12 năm 2005; Căn cứ Pháp lệnh số 06/2013/PL-UBTVQH13 ngày 18 tháng 03 năm 2013 sửa đổi, bổ sung một số điều của Pháp lệnh Ngoại hối; Căn cứ Nghị định số 215/2013/NĐ-CP ngày 23 tháng 12 năm 2013 của Chính phủ quy định chức năng, nhiệm vụ, quyền hạn và cơ cấu tổ ch"
112924,105/2016/TT-BTC,215/2013/NĐ-CP,"Sửa đổi, bổ sung","05/PL-UBTVQH ngày 13 tháng 12 năm 2005; Căn cứ Pháp lệnh số 06/2013/PL-UBTVQH13 ngày 18 tháng 03 năm 2013 sửa đổi, bổ sung một số điều của Pháp lệnh Ngoại hối; Căn cứ Nghị định số 215/2013/NĐ-CP ngày 23 tháng 12 năm 2013 của Chính phủ quy định chức năng, nhiệm vụ, quyền hạn và cơ cấu tổ chức của Bộ Tài chính; Căn cứ Nghị định số 135/2015/NĐ-CP ngày 31 tháng 12 năm 2015 của Chính phủ quy định về đầu tư gián tiếp"
112924,105/2016/TT-BTC,135/2015/NĐ-CP,Căn cứ,"oại hối; Căn cứ Nghị định số 215/2013/NĐ-CP ngày 23 tháng 12 năm 2013 của Chính phủ quy định chức năng, nhiệm vụ, quyền hạn và cơ cấu tổ chức của Bộ Tài chính; Căn cứ Nghị định số 135/2015/NĐ-CP ngày 31 tháng 12 năm 2015 của Chính phủ quy định về đầu tư gián tiếp ra nước ngoài; Theo đề nghị của Chủ tịch Ủy ban Chứng khoán Nhà nước, Cục trưởng Cục Quản lý, giám sát bảo hiểm, Bộ trưởng Bộ Tài chính ban hành Thông"
112924,105/2016/TT-BTC,135/2015/NĐ-CP,Nghị định số,"o hiểm và các cơ quan, tổ chức, cá nhân có liên quan đến hoạt động đầu tư gián tiếp ra nước ngoài. Điều 3. Giải thích từ ngữ Ngoài các từ ngữ đã được giải thích trong Nghị định số 135/2015/NĐ-CP ngày 31/12/2015 của Chính phủ quy định về đầu tư gián tiếp ra nước ngoài (sau đây gọi là Nghị định số 135/2015/NĐ-CP ), trong Thông tư này, các từ ngữ dưới đây được hiểu như sau: 1. Tổ chức kinh doanh chứng khoán bao gồ"
117310,41/2016/TT-NHNN,156/2013/NĐ-CP,Căn cứ,"ài Căn cứ Luật Ngân hàng Nhà nước Việt Nam số 46/2010/QH12 ngày 16 tháng 6 năm 2010; Căn cứ Luật các tổ chức tín dụng số 47/2010/QH12 ngày 16 tháng 6 năm 2010; Căn cứ Nghị định số 156/2013/NĐ-CP ngày 11 tháng 11 năm 2013 của Chính phủ quy định chức năng, nhiệm vụ, quyền hạn và cơ cấu tổ chức của Ngân hàng Nhà nước Việt Nam; Theo đề nghị của Chánh Thanh tra, giám sát ngân hàng; Thống đốc Ngân hàng Nhà nước Việt "
133858,05/2019/NĐ-CP,68/2000/NĐ-CP,Nghị định số," chi thường xuyên: có tổng quỹ tiền lương, phụ cấp và các khoản đóng góp theo lương của số người lao động hiện có (bao gồm: số biên chế có mặt, lao động hợp đồng theo Nghị định số 68/2000/NĐ-CP ngày 17 tháng 11 năm 2000 của Chính phủ và lao động hợp đồng chuyên môn khác) trong một năm từ 20 tỷ đồng trở lên hoặc sử dụng từ 200 người lao động trở lên phải thực hiện công tác kiểm toán nội bộ. Điều 10. Công tác ki"
143217,66/2020/TT-BTC,88/2015/QH,Căn cứ,"I CHỦ NGHĨA VIỆT NAM Độc lập - Tự do - Hạnh phúc Hà Nội, ngày 10 tháng 7 năm 2020 THÔNG TƯ Ban hành Quy chế mẫu về kiểm toán nội bộ áp dụng cho doanh nghiệp Căn cứ Luật kế toán số 88/2015/QH 13 ngày 20 tháng 11 năm 2015; Căn cứ Nghị định số 05/2019/NĐ-CP ngày 22 thảng 01 năm 2019 của Chính phủ về kiếm toán nội bộ; Căn cứ Nghị định số 87/2017/NĐ-CP ngày 26 tháng 7 năm 2017 của Chính phủ quy định chức năng, n"
143217,66/2020/TT-BTC,05/2019/NĐ-CP,Căn cứ," 10 tháng 7 năm 2020 THÔNG TƯ Ban hành Quy chế mẫu về kiểm toán nội bộ áp dụng cho doanh nghiệp Căn cứ Luật kế toán số 88/2015/QH 13 ngày 20 tháng 11 năm 2015; Căn cứ Nghị định số 05/2019/NĐ-CP ngày 22 thảng 01 năm 2019 của Chính phủ về kiếm toán nội bộ; Căn cứ Nghị định số 87/2017/NĐ-CP ngày 26 tháng 7 năm 2017 của Chính phủ quy định chức năng, nhiệm vụ, quyền hạn và cơ cấu tố chức của Bộ Tài chính; Theo đề n"
143217,66/2020/TT-BTC,87/2017/NĐ-CP,Căn cứ," Căn cứ Luật kế toán số 88/2015/QH 13 ngày 20 tháng 11 năm 2015; Căn cứ Nghị định số 05/2019/NĐ-CP ngày 22 thảng 01 năm 2019 của Chính phủ về kiếm toán nội bộ; Căn cứ Nghị định số 87/2017/NĐ-CP ngày 26 tháng 7 năm 2017 của Chính phủ quy định chức năng, nhiệm vụ, quyền hạn và cơ cấu tố chức của Bộ Tài chính; Theo đề nghị của Cục trưởng Cục Quản lý, giám sát kế toán, kiểm toán; Bộ trưởng Bộ Tài chính ban hành Th"
143217,66/2020/TT-BTC,05/2019/NĐ-CP,Nghị định số,trong việc xây dựng Quy chế kiểm toán nội bộ của doanh nghiệp. Điều 2. Đối tượng áp dụng 1. Thông tư này áp dụng đối với các doanh nghiệp quy định tại khoản 1 Điều 10 Nghị định số 05/2019/NĐ-CP ngày 22 tháng 01 năm 2019 của Chính phủ về kiếm toán nội bộ. 2. Các doanh nghiệp không thuộc quy định tại khoản 1 Điều này được khuyến khích xây dựng Quy chế kiểm toán nội bộ trên cơ sở tham chiếu mẫu Quy chế kiểm toán 
146468,156/2020/NĐ-CP,108/2013/NĐ-CP,"Sửa đổi, bổ sung"," mượn, sử dụng trái quy định pháp luật Chương IV ĐIỀU KHOẢN THI HÀNH Điều 52. Hiệu lực thi hành 1. Nghị định này có hiệu lực thi hành từ ngày 01 tháng 01 năm 2021. 2. Nghị định số 108/2013/NĐ-CP ngày 23 tháng 9 năm 2013 của Chính phủ quy định xử phạt vi phạm hành chính trong lĩnh vực chứng khoán và thị trường chứng khoán và Nghị định số 145/2016/NĐ-CP ngày 01 tháng 11 năm 2016 của Chính phủ sửa đổi, bổ sung một"
146468,156/2020/NĐ-CP,145/2016/NĐ-CP,"Sửa đổi, bổ sung","021. 2. Nghị định số 108/2013/NĐ-CP ngày 23 tháng 9 năm 2013 của Chính phủ quy định xử phạt vi phạm hành chính trong lĩnh vực chứng khoán và thị trường chứng khoán và Nghị định số 145/2016/NĐ-CP ngày 01 tháng 11 năm 2016 của Chính phủ sửa đổi, bổ sung một số điều của Nghị định số 108/2013/NĐ-CP ngày 23 tháng 9 năm 2013 của Chính phủ quy định xử phạt vi phạm hành chính trong lĩnh vực chứng khoán và thị trường ch"
150974,08/2021/TT-BTC,8/2021/TT-BTC,Căn cứ,"BỘ TÀI CHÍNH CỘNG HOÀ XÃ HỘI CHỦ NGHĨA VIỆT NAM Độc lập - Tự do - Hạnh phúc Số: 8/2021/TT-BTC Hà Nội, ngày 25 tháng 01 năm 2021 THÔNG TƯ Ban hành chuẩn mực kiểm toán nội bộ Việt Nam và các nguyên tắc đạo đức nghề nghiệp kiểm toán nội bộ ‾‾‾‾‾‾‾‾‾‾‾‾‾‾‾‾‾‾‾‾‾‾‾‾‾‾‾‾ Căn cứ Luật kế toán số 88/2015/QH13 ngày 20 thá"
150974,08/2021/TT-BTC,05/2019/NĐ-CP,Căn cứ,"nội bộ Việt Nam và các nguyên tắc đạo đức nghề nghiệp kiểm toán nội bộ ‾‾‾‾‾‾‾‾‾‾‾‾‾‾‾‾‾‾‾‾‾‾‾‾‾‾‾‾ Căn cứ Luật kế toán số 88/2015/QH13 ngày 20 tháng 11 năm 2015; Căn cứ Nghị định 05/2019/NĐ-CP ngày 22 tháng 01 năm 2019 của Chính phủ về kiểm toán nội bộ; Căn cứ Nghị định số 87/2017/NĐ-CP ngày 26 tháng 7 năm 2017 của Chính phủ quy định chức năng, nhiệm vụ, quyền hạn và cơ cấu tổ chức của Bộ Tài chính; Theo đề n"
150974,08/2021/TT-BTC,87/2017/NĐ-CP,Căn cứ,"‾‾‾‾ Căn cứ Luật kế toán số 88/2015/QH13 ngày 20 tháng 11 năm 2015; Căn cứ Nghị định 05/2019/NĐ-CP ngày 22 tháng 01 năm 2019 của Chính phủ về kiểm toán nội bộ; Căn cứ Nghị định số 87/2017/NĐ-CP ngày 26 tháng 7 năm 2017 của Chính phủ quy định chức năng, nhiệm vụ, quyền hạn và cơ cấu tổ chức của Bộ Tài chính; Theo đề nghị của Cục trưởng Cục Quản lý, giám sát kế toán, kiểm toán; Bộ trưởng Bộ Tài chính ban hành Th"
150974,08/2021/TT-BTC,05/2019/NĐ-CP,Nghị định số,"các nguyên tắc đạo đức nghề nghiệp kiểm toán nội bộ áp dụng đối với các doanh nghiệp, cơ quan nhà nước, đơn vị sự nghiệp công lập quy định tại Điều 8, Điều 9, Điều 10 Nghị định số 05/2019/NĐ-CP ngày 22 tháng 01 năm 2019 của Chính phủ về kiểm toán nội bộ và các tổ chức cá nhân có liên quan trong hoạt động kiểm toán nội bộ của các đơn vị này. 2. Các đơn vị không thuộc đối tượng quy định tại khoản 1 Điều này được"
150974,08/2021/TT-BTC,8/2021/TT-BTC,Thông tư số,"hính phủ và Website Bộ Tài chính; - Lưu: VT, Cục QLKT. KT. BỘ TRƯỞNG THỨ TRƯỞNG (Đã ký) Tạ Anh Tuấn Phụ lục số I CHUẨN MỰC KIỂM TOÁN NỘI BỘ VIỆT NAM (Ban hành kèm theo Thông tư số 8/2021/TT-BTC ngày 25 tháng 01 năm 2021 của Bộ trưởng Bộ Tài chính) Giới thiệu chuẩn mực Kiểm toán nội bộ được thực hiện ở những đơn vị có mục đích, quy mô, mức độ phức tạp và cơ cấu khác nhau và do nhân sự ở trong và ngoài đơn vị th"
163441,46/2023/NĐ-CP,47/2020/NĐ-CP,Nghị định số,"oanh bảo hiểm Việc kết nối Cơ sở dữ liệu về kinh doanh bảo hiểm với các cơ sở dữ liệu quốc gia và các cơ sở dữ liệu chuyên ngành khác được thực hiện theo quy định tại Nghị định số 47/2020/NĐ-CP ngày 09 tháng 4 năm 2020 của Chính phủ về quản lý, kết nối và chia sẻ dữ liệu số trong cơ quan nhà nước và pháp luật chuyên ngành. Chương II DOANH NGHIỆP BẢO HIỂM, DOANH NGHIỆP TÁI BẢO HIỂM, CHI NHÁNH NƯỚC NGOÀI TẠI VIỆ"
163441,46/2023/NĐ-CP,73/2016/NĐ-CP,Nghị định số," hiểm đã được cấp phép trước ngày 01 tháng 01 năm 2023: Trước ngày 01 tháng 01 năm 2028, vốn điều lệ, vốn chủ sở hữu không thấp hơn vốn pháp định quy định tại Điều 10 Nghị định số 73/2016/NĐ-CP; từ ngày 01 tháng 01 năm 2028, vốn điều lệ, vốn chủ sở hữu không thấp hơn vốn điều lệ tối thiểu theo quy định tại Điều 35 Nghị định này; b) Đối với các doanh nghiệp bảo hiểm, doanh nghiệp tái bảo hiểm đã được cấp phép k"
163441,46/2023/NĐ-CP,73/2016/NĐ-CP,"Sửa đổi, bổ sung"," khoản nợ của chính doanh nghiệp phát hành trước ngày 01 tháng 01 năm 2023 thì không được phép gia hạn khoản đầu tư này. 4. Nghị định này thay thế các văn bản sau: a) Nghị định số 73/2016/NĐ-CP ngày 01 tháng 7 năm 2016 của Chính phủ quy định chi tiết thi hành Luật Kinh doanh bảo hiểm và Luật sửa đổi, bổ sung một số điều của Luật Kinh doanh bảo hiểm, trừ các Điều 10, 61, 62, 63, 64, 65, 66, 67. Các Điều 10, 61,"
163441,46/2023/NĐ-CP,151/2018/NĐ-CP,"Sửa đổi, bổ sung","ều 10, 61, 62, 63, 64, 65, 66, 67. Các Điều 10, 61, 62, 63, 64, 65, 66, 67 của Nghị định số 73/2016/NĐ-CP có hiệu lực đến hết ngày 31 tháng 12 năm 2027; b) Chương III Nghị định số 151/2018/NĐ-CP ngày 07 tháng 11 năm 2018 của Chính phủ sửa đổi, bổ sung một số Nghị định quy định về điều kiện đầu tư, kinh doanh thuộc phạm vi quản lý nhà nước của Bộ Tài chính; c) Điều 1 Nghị định số 80/2019/NĐ-CP ngày 01 tháng 11 n"
163441,46/2023/NĐ-CP,80/2019/NĐ-CP,"Sửa đổi, bổ sung"," tháng 11 năm 2018 của Chính phủ sửa đổi, bổ sung một số Nghị định quy định về điều kiện đầu tư, kinh doanh thuộc phạm vi quản lý nhà nước của Bộ Tài chính; c) Điều 1 Nghị định số 80/2019/NĐ-CP ngày 01 tháng 11 năm 2019 của Chính phủ sửa đổi, bổ sung một số điều của Nghị định số 73/2016/NĐ-CP ngày 01 tháng 7 năm 2016 của Chính phủ quy định chi tiết thi hành Luật Kinh doanh bảo hiểm và Luật sửa đổi, bổ sung một"
163441,46/2023/NĐ-CP,98/2013/NĐ-CP,"Sửa đổi, bổ sung","16/NĐ-CP ngày 01 tháng 7 năm 2016 của Chính phủ quy định chi tiết thi hành Luật Kinh doanh bảo hiểm và Luật sửa đổi, bổ sung một số điều của Luật Kinh doanh bảo hiểm, Nghị định số 98/2013/NĐ-CP ngày 28 tháng 8 năm 2013 của Chính phủ quy định về xử phạt vi phạm hành chính trong lĩnh vực kinh doanh bảo hiểm, kinh doanh xổ số đã được sửa đổi, bổ sung một số điều theo Nghị định số 48/2018/NĐ-CP ngày 21 tháng 3 năm"
163441,46/2023/NĐ-CP,48/2018/NĐ-CP,"Sửa đổi, bổ sung","8 tháng 8 năm 2013 của Chính phủ quy định về xử phạt vi phạm hành chính trong lĩnh vực kinh doanh bảo hiểm, kinh doanh xổ số đã được sửa đổi, bổ sung một số điều theo Nghị định số 48/2018/NĐ-CP ngày 21 tháng 3 năm 2018 của Chính phủ. Điều 123. Trách nhiệm thi hành Các Bộ trưởng, Thủ trưởng cơ quan ngang bộ, Thủ trưởng cơ quan thuộc Chính phủ, Chủ tịch Ủy ban nhân dân các tỉnh, thành phố trực thuộc trung ương v"
163441,46/2023/NĐ-CP,14/2023/NĐ-CP,Căn cứ,"lập - Tự do - Hạnh phúc Số....../GP/KDBH Hà Nội, ngày... tháng... năm... BỘ TRƯỞNG BỘ TÀI CHÍNH Căn cứ Luật Kinh doanh bảo hiểm số 08/2022/QH15 ngày 16/6/2022; Căn cứ Nghị định số 14/2023/NĐ-CP ngày 20/4/2023 của Chính phủ quy định chức năng, nhiệm vụ, quyền hạn và cơ cấu tổ chức của Bộ Tài chính; Căn cứ Nghị định số 46/2023/NĐ-CP ngày 01/7/2023 của Chính phủ quy định chi tiết thi hành một số điều của Luật Kin"
164719,22/2023/TT-NHNN,41/2016/TT-NHNN,"Sửa đổi, bổ sung","VIỆT NAM CỘNG HÒA XÃ HỘI CHỦ NGHĨA VIỆT NAM Độc lập – Tự do – Hạnh phúc Số: 22/2023/TT-NHNN Hà Nội, ngày 29 tháng 12 năm 2023 THÔNG TƯ Sửa đổi, bổ sung một số điều của Thông tư số 41/2016/TT-NHNN ngày 30 tháng 12 năm 2016 của Thống đốc Ngân hàng Nhà nước Việt Nam quy định tỷ lệ an toàn vốn đối với ngân hàng, chi nhánh ngân hàng nước ngoài Căn cứ Luật Ngân hàng Nhà nước Việt Nam ngày 16 tháng 6 năm 2010; Căn cứ L"
164719,22/2023/TT-NHNN,102/2022/NĐ-CP,"Sửa đổi, bổ sung","m 2010; Căn cứ Luật Các tổ chức tín dụng ngày 16 tháng 6 năm 2010 và Luật sửa đổi, bổ sung một số điều của Luật Các tổ chức tín dụng ngày 20 tháng 11 năm 2017; Căn cứ Nghị định số 102/2022/NĐ-CP ngày 12 tháng 12 năm 2022 của Chính phủ quy định chức năng, nhiệm vụ, quyền hạn và cơ cấu tổ chức của Ngân hàng Nhà nước Việt Nam; Theo đề nghị của Chánh Thanh tra, giám sát ngân hàng; Thống đốc Ngân hàng Nhà nước Việt "
164719,22/2023/TT-NHNN,41/2016/TT-NHNN,thay thế,"ông của Thống đốc Ngân hàng Nhà nước trong việc chấp hành quy định tại Thông tư này."" Điều 2. Thay thế Phụ lục 01, Phụ lục 02, Phụ lục 03, Phụ lục 04 và Phụ lục 06 của Thông tư số 41/2016/TT-NHNN bằng Phụ lục 01, Phụ lục 02, Phụ lục 03, Phụ lục 04 và Phụ lục 06 ban hành kèm theo Thông tư này. Điều 3. Trách nhiệm tổ chức thực hiện Chánh Văn phòng, Chánh Thanh tra, giám sát ngân hàng, Thủ trưởng các đơn vị thuộc N"
168220,27/2024/TT-NHNN,102/2022/NĐ-CP,Căn cứ,"n hàng Nhà nước Việt Nam ngày 16 tháng 6 năm 2010; Căn cứ Luật Các tổ chức tín dụng ngày 18 tháng 01 năm 2024; Căn cứ Luật Hợp tác xã ngày 20 tháng 6 năm 2023; Căn cứ Nghị định số 102/2022/NĐ-CP ngày 12 tháng 12 năm 2022 của Chính phủ quy định chức năng, nhiệm vụ, quyền hạn và cơ cấu tổ chức của Ngân hàng Nhà nước Việt Nam; Theo đề nghị của Chánh Thanh tra, giám sát ngân hàng; Thống đốc Ngân hàng Nhà nước Việt "
168220,27/2024/TT-NHNN,31/2012/TT-NHNN,"Sửa đổi, bổ sung","quy định tại Thông tư này. Chương IV ĐIỀU KHOẢN THI HÀNH Điều 33. Hiệu lực thi hành 1. Thông tư này có hiệu lực từ ngày 01 tháng 7 năm 2024. 2. Thông tư này bãi bỏ: a) Thông tư số 31/2012/TT-NHNN ngày 26 tháng 11 năm 2012 của Thống đốc Ngân hàng Nhà nước quy định về ngân hàng hợp tác xã; b) Thông tư số 09/2016/TT-NHNN ngày 17 tháng 6 năm 2016 sửa đổi, bổ sung một số điều của Thông tư số 31/2012/TT-NHNN ngày 26/1"
168220,27/2024/TT-NHNN,09/2016/TT-NHNN,"Sửa đổi, bổ sung","háng 7 năm 2024. 2. Thông tư này bãi bỏ: a) Thông tư số 31/2012/TT-NHNN ngày 26 tháng 11 năm 2012 của Thống đốc Ngân hàng Nhà nước quy định về ngân hàng hợp tác xã; b) Thông tư số 09/2016/TT-NHNN ngày 17 tháng 6 năm 2016 sửa đổi, bổ sung một số điều của Thông tư số 31/2012/TT-NHNN ngày 26/11/2012 của Thống đốc Ngân hàng Nhà nước quy định về ngân hàng hợp tác xã; c) Thông tư số 03/2014/TT-NHNN ngày 23 tháng 01 nă"
168220,27/2024/TT-NHNN,03/2014/TT-NHNN,"Sửa đổi, bổ sung"," 17 tháng 6 năm 2016 sửa đổi, bổ sung một số điều của Thông tư số 31/2012/TT-NHNN ngày 26/11/2012 của Thống đốc Ngân hàng Nhà nước quy định về ngân hàng hợp tác xã; c) Thông tư số 03/2014/TT-NHNN ngày 23 tháng 01 năm 2014 của Thống đốc Ngân hàng Nhà nước quy định về Quỹ đảm bảo an toàn hệ thống quỹ tín dụng nhân dân; d) Điều 1 và Điều 5 Thông tư số 21/2019/TT-NHNN ngày 14 tháng 11 năm 2019 sửa đổi, bổ sung một s"
168220,27/2024/TT-NHNN,21/2019/TT-NHNN,"Sửa đổi, bổ sung","ng tư số 03/2014/TT-NHNN ngày 23 tháng 01 năm 2014 của Thống đốc Ngân hàng Nhà nước quy định về Quỹ đảm bảo an toàn hệ thống quỹ tín dụng nhân dân; d) Điều 1 và Điều 5 Thông tư số 21/2019/TT-NHNN ngày 14 tháng 11 năm 2019 sửa đổi, bổ sung một số điều của các Thông tư quy định về ngân hàng hợp tác xã, quỹ tín dụng nhân dân và quỹ bảo đảm an toàn hệ thống quỹ tín dụng nhân dân; đ) Điều 1 Thông tư số 24/2023/TT-NHN"
168220,27/2024/TT-NHNN,24/2023/TT-NHNN,"Sửa đổi, bổ sung"," sửa đổi, bổ sung một số điều của các Thông tư quy định về ngân hàng hợp tác xã, quỹ tín dụng nhân dân và quỹ bảo đảm an toàn hệ thống quỹ tín dụng nhân dân; đ) Điều 1 Thông tư số 24/2023/TT-NHNN ngày 30 tháng 12 năm 2023 sửa đổi, bổ sung một số điều của các Thông tư liên quan đến việc nộp, xuất trình, cung cấp thông tin, giấy tờ về dân cư khi thực hiện thủ tục hành chính trong lĩnh vực thành lập và hoạt động ng"
168220,27/2024/TT-NHNN,21/2023/TT-NHNN,"Sửa đổi, bổ sung","g tư liên quan đến việc nộp, xuất trình, cung cấp thông tin, giấy tờ về dân cư khi thực hiện thủ tục hành chính trong lĩnh vực thành lập và hoạt động ngân hàng. đ) Điều 2 Thông tư 21/2023/TT-NHNN sửa đổi, bổ sung một số điều của các Thông tư liên quan đến hoạt động kinh doanh thuộc phạm vi, chức năng quản lý của Ngân hàng Nhà nước Việt Nam. Điều 34. Trách nhiệm tổ chức thực hiện Chánh Văn phòng, Chánh Thanh tra,"
168859,29/2024/TT-NHNN,102/2022/NĐ-CP,Căn cứ,"n hàng Nhà nước Việt Nam ngày 16 tháng 6 năm 2010; Căn cứ Luật Các tổ chức tín dụng ngày 18 tháng 01 năm 2024; Căn cứ Luật Hợp tác xã ngày 17 tháng 6 năm 2023; Căn cứ Nghị định số 102/2022/NĐ-CP ngày 12 tháng 12 năm 2022 của Chính phủ quy định chức năng, nhiệm vụ, quyền hạn và cơ cấu tổ chức của Ngân hàng Nhà nước Việt Nam; Theo đề nghị của Chánh Thanh tra, giám sát ngân hàng; Thống đốc Ngân hàng Nhà nước Việt "
168859,29/2024/TT-NHNN,06/2007/TT-NHNN,"Sửa đổi, bổ sung","hượng toàn bộ phần vốn góp được phê duyệt. 3. Quỹ tín dụng nhân dân hoạt động theo ngành nghề, quỹ tín dụng nhân dân hoạt động theo từng doanh nghiệp được quy định tại Thông tư số 06/2007/TT-NHNN ngày 06 tháng 11 năm 2007 của Thống đốc Ngân hàng Nhà nước sửa đổi, bổ sung Thông tư số 08/2005/TT-NHNN ngày 30 tháng 12 năm 2005 của Ngân hàng Nhà nước hướng dẫn thực hiện Nghị định số 48/2001/NĐ-CP ngày 13/8/2001 về t"
168859,29/2024/TT-NHNN,08/2005/TT-NHNN,"Sửa đổi, bổ sung","ụng nhân dân hoạt động theo từng doanh nghiệp được quy định tại Thông tư số 06/2007/TT-NHNN ngày 06 tháng 11 năm 2007 của Thống đốc Ngân hàng Nhà nước sửa đổi, bổ sung Thông tư số 08/2005/TT-NHNN ngày 30 tháng 12 năm 2005 của Ngân hàng Nhà nước hướng dẫn thực hiện Nghị định số 48/2001/NĐ-CP ngày 13/8/2001 về tổ chức và hoạt động của quỹ tín dụng nhân dân và Nghị định số 69/2005/NĐ-CP ngày 26 tháng 5 năm 2005 của"
168859,29/2024/TT-NHNN,48/2001/NĐ-CP,"Sửa đổi, bổ sung","6 tháng 11 năm 2007 của Thống đốc Ngân hàng Nhà nước sửa đổi, bổ sung Thông tư số 08/2005/TT-NHNN ngày 30 tháng 12 năm 2005 của Ngân hàng Nhà nước hướng dẫn thực hiện Nghị định số 48/2001/NĐ-CP ngày 13/8/2001 về tổ chức và hoạt động của quỹ tín dụng nhân dân và Nghị định số 69/2005/NĐ-CP ngày 26 tháng 5 năm 2005 của Chính phủ về việc sửa đổi, bổ sung một số điều của Nghị định số 48/2001/NĐ-CP ngày 13 tháng 8 n"
168859,29/2024/TT-NHNN,69/2005/NĐ-CP,"Sửa đổi, bổ sung","NN ngày 30 tháng 12 năm 2005 của Ngân hàng Nhà nước hướng dẫn thực hiện Nghị định số 48/2001/NĐ-CP ngày 13/8/2001 về tổ chức và hoạt động của quỹ tín dụng nhân dân và Nghị định số 69/2005/NĐ-CP ngày 26 tháng 5 năm 2005 của Chính phủ về việc sửa đổi, bổ sung một số điều của Nghị định số 48/2001/NĐ-CP ngày 13 tháng 8 năm 2001 của Chính phủ về tổ chức và hoạt động của quỹ tín dụng nhân dân được tiếp tục hoạt động"
168859,29/2024/TT-NHNN,04/2015/TT-NHNN,"Sửa đổi, bổ sung","dụng sổ tiết kiệm trắng của quỹ tín dụng nhân dân. Điều 35. Hiệu lực thi hành 1. Thông tư này có hiệu lực thi hành từ ngày 01 tháng 7 năm 2024. 2. Thông tư này bãi bỏ: a) Thông tư 04/2015/TT-NHNN ngày 31/03/2015 của Thống đốc Ngân hàng Nhà nước quy định về quỹ tín dụng nhân dân; b) Thông tư số 06/2017/TT-NHNN ngày 05/7/2017 của Thống đốc Ngân hàng sửa đổi, bổ sung một số điều của Thông tư số 03/2014/TT-NHNN ngày"
168859,29/2024/TT-NHNN,06/2017/TT-NHNN,"Sửa đổi, bổ sung","từ ngày 01 tháng 7 năm 2024. 2. Thông tư này bãi bỏ: a) Thông tư 04/2015/TT-NHNN ngày 31/03/2015 của Thống đốc Ngân hàng Nhà nước quy định về quỹ tín dụng nhân dân; b) Thông tư số 06/2017/TT-NHNN ngày 05/7/2017 của Thống đốc Ngân hàng sửa đổi, bổ sung một số điều của Thông tư số 03/2014/TT-NHNN ngày 23/01/2014 của Thống đốc Ngân hàng Nhà nước quy định về quỹ bảo đảm an toàn hệ thống quỹ tín dụng nhân dân và Thôn"
168859,29/2024/TT-NHNN,03/2014/TT-NHNN,"Sửa đổi, bổ sung"," Thống đốc Ngân hàng Nhà nước quy định về quỹ tín dụng nhân dân; b) Thông tư số 06/2017/TT-NHNN ngày 05/7/2017 của Thống đốc Ngân hàng sửa đổi, bổ sung một số điều của Thông tư số 03/2014/TT-NHNN ngày 23/01/2014 của Thống đốc Ngân hàng Nhà nước quy định về quỹ bảo đảm an toàn hệ thống quỹ tín dụng nhân dân và Thông tư số 04/2015/TT-NHNN ngày 31/03/2015 của Thống đốc Ngân hàng Nhà nước quy định về quỹ tín dụng nh"
168859,29/2024/TT-NHNN,21/2019/TT-NHNN,"Sửa đổi, bổ sung","ệ thống quỹ tín dụng nhân dân và Thông tư số 04/2015/TT-NHNN ngày 31/03/2015 của Thống đốc Ngân hàng Nhà nước quy định về quỹ tín dụng nhân dân; c) Điều 2, khoản 1 Điều 6 Thông tư 21/2019/TT-NHNN ngày 14/11/2019 của Thống đốc Ngân hàng Nhà nước sửa đổi, bổ sung một số điều của các Thông tư quy định về ngân hàng hợp tác xã, quỹ tín dụng nhân dân và quỹ bảo đảm an toàn hệ thống quỹ tín dụng nhân dân; d) Thông tư s"
168859,29/2024/TT-NHNN,01/2023/TT-NHNN,"Sửa đổi, bổ sung","hà nước sửa đổi, bổ sung một số điều của các Thông tư quy định về ngân hàng hợp tác xã, quỹ tín dụng nhân dân và quỹ bảo đảm an toàn hệ thống quỹ tín dụng nhân dân; d) Thông tư số 01/2023/TT-NHNN ngày 01/3/2023 của Thống đốc Ngân hàng Nhà nước sửa đổi, bổ sung một số điều của Thông tư số 04/2015/TT-NHNN ngày 31/3/2015 của Thống đốc Ngân hàng Nhà nước Việt Nam quy định về quỹ tín dụng nhân dân; đ) Điều 2 Thông tư"
168859,29/2024/TT-NHNN,24/2023/TT,"Sửa đổi, bổ sung","nước sửa đổi, bổ sung một số điều của Thông tư số 04/2015/TT-NHNN ngày 31/3/2015 của Thống đốc Ngân hàng Nhà nước Việt Nam quy định về quỹ tín dụng nhân dân; đ) Điều 2 Thông tư số 24/2023/TT- NHNN ngày 29/12/2023 của Thống đốc Ngân hàng Nhà nước sửa đổi, bổ sung một số điều của các Thông tư liên quan đến việc nộp. xuất trình, cung cấp thông tin, giấy tờ về dân cư khi thực hiện thủ tục hành chính trong lĩnh "
169221,43/2024/TT-NHNN,01/2014/TT-NHNN,"Sửa đổi, bổ sung"," VIỆT NAM CỘNG HÒA XÃ HỘI CHỦ NGHĨA VIỆT NAM Độc lập – Tự do – Hạnh phúc Số: 43/2024/TT-NHNN Hà Nội, ngày 09 tháng 8 năm 2024 THÔNG TƯ Sửa đổi, bổ sung một số điều của Thông tư số 01/2014/TT-NHNN ngày 10 tháng 12 năm 2014 của Thống đốc Ngân hàng Nhà nước Việt Nam hướng dẫn việc tổ chức thực hiện hoạt động quản lý dự trữ ngoại hối nhà nước ___________________ Căn cứ Luật Ngân hàng Nhà nước Việt Nam ngày 16 tháng "
169221,43/2024/TT-NHNN,50/2014/NĐ-CP,"Sửa đổi, bổ sung","háng 6 năm 2010; Căn cứ Pháp lệnh Ngoại hối ngày 13 tháng 12 năm 2005; Pháp lệnh sửa đổi, bổ sung một số điều của Pháp lệnh Ngoại hối ngày 18 tháng 3 năm 2013; Căn cứ Nghị định số 50/2014/NĐ-CP ngày 20 tháng 5 năm 2014 của Chính phủ về quản lý dự trữ ngoại hối nhà nước; Căn cứ Nghị định số 102/2022/NĐ-CP ngày 12 tháng 12 năm 2022 của Chính phủ quy định chức năng, nhiệm vụ, quyền hạn và cơ cấu tổ chức của Ngân "
169221,43/2024/TT-NHNN,102/2022/NĐ-CP,Căn cứ,"ủa Pháp lệnh Ngoại hối ngày 18 tháng 3 năm 2013; Căn cứ Nghị định số 50/2014/NĐ-CP ngày 20 tháng 5 năm 2014 của Chính phủ về quản lý dự trữ ngoại hối nhà nước; Căn cứ Nghị định số 102/2022/NĐ-CP ngày 12 tháng 12 năm 2022 của Chính phủ quy định chức năng, nhiệm vụ, quyền hạn và cơ cấu tổ chức của Ngân hàng Nhà nước Việt Nam; Theo đề nghị của Cục trưởng Cục Quản lý dự trữ ngoại hối nhà nước; Thống đốc Ngân hàng N"
169221,43/2024/TT-NHNN,12/2023/TT-NHNN,"Sửa đổi, bổ sung"," thông tin Refinitiv hoặc Bloomberg trước 10 giờ sáng của ngày giao dịch.” 7. Sửa đổi, bổ sung khoản 1 và khoản 5 Điều 14 (đã được sửa đổi, bổ sung bởi khoản 11 Điều 1 Thông tư số 12/2023/TT-NHNN ngày 12/10/2023 của Thống đốc Ngân hàng Nhà nước Việt Nam sửa đổi, bổ sung một số điều của các văn bản quy phạm pháp luật quy định về việc triển khai nhiệm vụ quản lý dự trữ ngoại hối nhà nước) như sau: a) Sửa đổi, bổ s"
169221,43/2024/TT-NHNN,12/2023/TT-NHNN,Thông tư số,"c cung cấp: a) Kể từ khi Thống đốc quyết định về việc phân công nhiệm vụ hạch toán giữa Cục Quản lý dự trữ ngoại hối nhà nước và Sở Giao dịch theo quy định tại Điều 13 Thông tư số 12/2023/TT-NHNN: Hằng ngày: Số liệu về dự trữ ngoại hối nhà nước theo mẫu quy định tại Phụ lục số 01 ban hành kèm theo Thông tư này; Muộn nhất ngày 05 hằng tháng: Báo cáo tình hình mua, bán sử dụng dự trữ ngoại hối nhà nước của tháng t"
169221,43/2024/TT-NHNN,01/2020/TT-NHNN,"Sửa đổi, bổ sung","theo mẫu quy định tại Phụ lục số 10 ban hành kèm theo Thông tư này. 13. Sửa đổi, bổ sung điểm a và điểm c khoản 2 Điều 30 (đã được sửa đổi, bổ sung bởi khoản 13 Điều 1 Thông tư số 01/2020/TT-NHNN ngày 31/12/2020 của Thống đốc Ngân hàng Nhà nước Việt Nam sửa đổi, bổ sung một số điều của Thông tư 01/2014/TT-NHNN ngày 10 tháng 12 năm 2014 của Thống đốc Ngân hàng nhà nước hướng dẫn việc tổ chức thực hiện hoạt động q"
169221,43/2024/TT-NHNN,01/2014/TT-NHNN,thay thế," Cổng thông tin điện tử của Ngân hàng Nhà nước; b) Thực hiện các nhiệm vụ khác theo quy định tại Thông tư này.” Điều 2. Thay thế, bổ sung và bãi bỏ một số quy định của Thông tư số 01/2014/TT-NHNN 1. Thay thế Phụ lục số 01, Phụ lục số 03, Phụ lục số 04, Phụ lục số 06, Phụ lục số 07 và Phụ lục số 08 (đã được thay thế bởi Thông tư số 12/2023/TT-NHNN) bằng Phụ lục số 01, Phụ lục số 03, Phụ lục số 04, Phụ lục số 06, "
169221,43/2024/TT-NHNN,12/2023/TT-NHNN,thay thế,"ố quy định của Thông tư số 01/2014/TT-NHNN 1. Thay thế Phụ lục số 01, Phụ lục số 03, Phụ lục số 04, Phụ lục số 06, Phụ lục số 07 và Phụ lục số 08 (đã được thay thế bởi Thông tư số 12/2023/TT-NHNN) bằng Phụ lục số 01, Phụ lục số 03, Phụ lục số 04, Phụ lục số 06, Phụ lục số 07 và Phụ lục số 08 tương ứng ban hành kèm theo Thông tư này. 2. Bổ sung Phụ lục số 09 và Phụ lục số 10. 3. Bãi bỏ điểm e khoản 1 Điều 3. Điều"
169221,43/2024/TT-NHNN,01/2020/TT-NHNN,bãi bỏ," Điều khoản thi hành 1. Thông tư này có hiệu lực từ ngày 23/9/2024. 2. Thông tư này bãi bỏ khoản 3, khoản 4, khoản 5, khoản 9, khoản 16 Điều 1, khoản 3, khoản 4 Điều 2 Thông tư số 01/2020/TT-NHNN. 3. Thông tư này bãi bỏ điểm a khoản 2, điểm b khoản 3, khoản 4, khoản 5, khoản 6, khoản 8, khoản 12 và khoản 16, điểm b khoản 20 Điều 1 và Phụ lục số 09 Thông tư số 12/2023/TT-NHNN. Nơi nhận: - Như Điều 3; - Thủ tướng "
169221,43/2024/TT-NHNN,12/2023/TT-NHNN,bãi bỏ,"/2020/TT-NHNN. 3. Thông tư này bãi bỏ điểm a khoản 2, điểm b khoản 3, khoản 4, khoản 5, khoản 6, khoản 8, khoản 12 và khoản 16, điểm b khoản 20 Điều 1 và Phụ lục số 09 Thông tư số 12/2023/TT-NHNN. Nơi nhận: - Như Điều 3; - Thủ tướng Chính phủ; các Phó Thủ tướng (để b/c); - Văn phòng Chính phủ; - Bộ Tài chính; - Bộ Tư pháp (để kiểm tra); - Ban lãnh đạo NHNN; - Công báo; - Lưu: VP, QLDTNH, PC. KT THỐNG ĐỐC PHÓ THỐ"
173460,57/2024/TT-NHNN,102/2022/NĐ-CP,Căn cứ,"ủa tổ chức tín dụng phi ngân hàng Căn cứ Luật Ngân hàng Nhà nước Việt Nam ngày 16 tháng 6 năm 2010; Căn cứ Luật Các tổ chức tín dụng ngày 18 tháng 01 năm 2024; Căn cứ Nghị định số 102/2022/NĐ-CP ngày 12 tháng 12 năm 2022 của Chính phủ quy định chức năng, nhiệm vụ, quyền hạn và cơ cấu tổ chức của Ngân hàng Nhà nước Việt Nam; Căn cứ Nghị định số 162/2024/NĐ-CP ngày 20 tháng 12 năm 2024 của Chính phủ quy định điều"
173460,57/2024/TT-NHNN,162/2024/NĐ-CP,Căn cứ," Nghị định số 102/2022/NĐ-CP ngày 12 tháng 12 năm 2022 của Chính phủ quy định chức năng, nhiệm vụ, quyền hạn và cơ cấu tổ chức của Ngân hàng Nhà nước Việt Nam; Căn cứ Nghị định số 162/2024/NĐ-CP ngày 20 tháng 12 năm 2024 của Chính phủ quy định điều kiện cấp Giấy phép đối với quỹ tín dụng nhân dân, tổ chức tài chính vi mô và điều kiện đối với chủ sở hữu của tổ chức tín dụng là công ty trách nhiệm hữu hạn một thà"
173695,56/2024/TT-NHNN,102/2022/NĐ-CP,Căn cứ,"c ngoài _________________________ Căn cứ Luật Ngân hàng Nhà nước Việt Nam ngày 16 tháng 6 năm 2010; Căn cứ Luật Các tổ chức tín dụng ngày 18 tháng 01 năm 2024; Căn cứ Nghị định số 102/2022/NĐ-CP ngày 12 tháng 12 năm 2022 của Chính phủ quy định chức năng, nhiệm vụ, quyền hạn và cơ cấu tổ chức của Ngân hàng Nhà nước Việt Nam; Căn cứ Nghị định số 162/NĐ-CP ngày 20 tháng 12 năm 2024 của Chính phủ quy định điều kiện"
174218,62/2024/TT-NHNN,102/2022/NĐ-CP,Căn cứ,"ăn cứ Luật Các tổ chức tín dụng ngày 18 tháng 01 năm 2024; Căn cứ Luật Doanh nghiệp ngày 17 tháng 06 năm 2020; Căn cứ Luật Cạnh tranh ngày 12 tháng 6 năm 2018; Căn cứ Nghị định số 102/2022/NĐ-CP ngày 12 tháng 12 năm 2022 của Chính phủ quy định chức năng, nhiệm vụ, quyền hạn và cơ cấu tổ chức của Ngân hàng Nhà nước Việt Nam; Theo đề nghị của Chánh Thanh tra, giám sát ngân hàng; Thống đốc Ngân hàng Nhà nước Việt "
174218,62/2024/TT-NHNN,36/2015/TT-NHNN,"Sửa đổi, bổ sung","II ĐIỀU KHOẢN THI HÀNH Điều 29. Hiệu lực thi hành 1. Thông tư này có hiệu lực thi hành kể từ ngày 17 tháng 2 năm 2025. 2. Kể từ ngày Thông tư này có hiệu lực thi hành, Thông tư số 36/2015/TT-NHNN ngày 31 tháng 12 năm 2015 của Thống đốc Ngân hàng Nhà nước Việt Nam quy định việc tổ chức lại tổ chức tín dụng hết hiệu lực thi hành. 3. Kể từ ngày Ngân hàng Nhà nước sửa đổi, bổ sung Giấy phép thành lập và hoạt động củ"
185630,63/2025/TT-NHNN,26/2025/NĐ-CP,"Sửa đổi, bổ sung","t Nam số 46/2010/QH12; Căn cứ Luật Các tổ chức tín dụng số 32/2024/QH15 được sửa đổi, bổ sung bởi Luật số 96/2025/QH15; Căn cứ Luật Hợp tác xã số 17/2023/QH15; Căn cứ Nghị định số 26/2025/NĐ-CP của Chính phủ quy định chức năng, nhiệm vụ, quyền hạn và cơ cấu tổ chức của Ngân hàng Nhà nước Việt Nam; Theo đề nghị của Cục trưởng Cục An toàn hệ thống các tổ chức tín dụng; Thống đốc Ngân hàng Nhà nước Việt Nam ban h"
185630,63/2025/TT-NHNN,29/2024/TT-NHNN,"Sửa đổi, bổ sung"," đốc Ngân hàng Nhà nước Việt Nam ban hành Thông tư sửa đổi, bổ sung một số điều của một số Thông tư về quỹ tín dụng nhân dân. Chương I SỬA ĐỔI, BỔ SUNG MỘT SỐ ĐIỀU CỦA THÔNG TƯ SỐ 29/2024/TT-NHNN QUY ĐỊNH VỀ QUỸ TÍN DỤNG NHÂN DÂN Điều 1. Sửa đổi, bổ sung điểm d khoản 2 Điều 25 “d) Định kỳ hằng quý, nộp lại sổ tiết kiệm trắng không sử dụng được cho ngân hàng hợp tác xã và mở sổ theo dõi;”. Điều 2. Sửa đổi, bổ sun"
185630,63/2025/TT-NHNN,01/2025/TT-NHNN,"Sửa đổi, bổ sung"," xã liền kề đã được Ngân hàng Nhà nước chi nhánh phê duyệt tiếp tục thực hiện việc xử lý theo phương án đã được phê duyệt.”. Chương II SỬA ĐỔI, BỔ SUNG MỘT SỐ ĐIỀU CỦA THÔNG TƯ SỐ 01/2025/TT-NHNN QUY ĐỊNH VỀ CẤP GIẤY PHÉP LẦN ĐẦU, CẤP ĐỔI GIẤY PHÉP CỦA QUỸ TÍN DỤNG NHÂN DÂN Điều 3. Sửa đổi, bổ sung Điều 5 1. Sửa đổi tên Điều 5 như sau: “ Điều 5. Nguyên tắc lập, gửi, tiếp nhận hồ sơ và trả kết quả ” . 2. Sửa đổi,"
185630,63/2025/TT-NHNN,10/2025/TT-NHNN,"Sửa đổi, bổ sung"," có)” tại phần “Tên quỹ tín dụng nhân dân” tại Phụ lục số 01, 02, 03, 07, 08 ban hành kèm theo Thông tư số 01/2025/TT-NHNN. Chương III SỬA ĐỔI, BỔ SUNG MỘT SỐ ĐIỀU CỦA THÔNG TƯ SỐ 10/2025/TT-NHNN QUY ĐỊNH VỀ TỔ CHỨC LẠI, THU HỒI GIẤY PHÉP VÀ THANH LÝ TÀI SẢN CỦA QUỸ TÍN DỤNG NHÂN DÂN Điều 8. Bổ sung khoản 4 vào Điều 7 “4. Số lượng phòng giao dịch của quỹ tín dụng nhân dân sau khi tổ chức lại thực hiện theo quy đ"
185630,63/2025/TT-NHNN,08/2025/TT-NHNN,"Sửa đổi, bổ sung","ỀU KHOẢN THI HÀNH Điều 15. Điều khoản thi hành 1. Thông tư này có hiệu lực thi hành kể từ ngày 16 tháng 02 năm 2026. 2. Thông tư này bãi bỏ quy định tại khoản 1 Điều 2 Thông tư số 08/2025/TT-NHNN ngày 06 tháng 6 năm 2025 của Thống đốc Ngân hàng Nhà nước Việt Nam sửa đổi, bổ sung một số điều của Thông tư số 43/2015/TT-NHNN ngày 31 tháng 12 năm 2015 của Thống đốc Ngân hàng Nhà nước Việt Nam quy định về tổ chức và "
185630,63/2025/TT-NHNN,43/2015/TT-NHNN,"Sửa đổi, bổ sung"," này bãi bỏ quy định tại khoản 1 Điều 2 Thông tư số 08/2025/TT-NHNN ngày 06 tháng 6 năm 2025 của Thống đốc Ngân hàng Nhà nước Việt Nam sửa đổi, bổ sung một số điều của Thông tư số 43/2015/TT-NHNN ngày 31 tháng 12 năm 2015 của Thống đốc Ngân hàng Nhà nước Việt Nam quy định về tổ chức và hoạt động của phòng giao dịch bưu điện trực thuộc Ngân hàng thương mại cổ phần Bưu điện Liên Việt, Thông tư số 29/2024/TT-NHNN n"
185630,63/2025/TT-NHNN,29/2024/TT-NHNN,Thông tư số,"015 của Thống đốc Ngân hàng Nhà nước Việt Nam quy định về tổ chức và hoạt động của phòng giao dịch bưu điện trực thuộc Ngân hàng thương mại cổ phần Bưu điện Liên Việt, Thông tư số 29/2024/TT-NHNN ngày 28 tháng 6 năm 2024 của Thống đốc Ngân hàng Nhà nước Việt Nam quy định về quỹ tín dụng nhân dân và Thông tư số 32/2024/TT-NHNN ngày 30 tháng 6 năm 2024 của Thống đốc Ngân hàng Nhà nước Việt Nam quy định về mạng lướ"
185630,63/2025/TT-NHNN,32/2024/TT-NHNN,Thông tư số,"ơng mại cổ phần Bưu điện Liên Việt, Thông tư số 29/2024/TT-NHNN ngày 28 tháng 6 năm 2024 của Thống đốc Ngân hàng Nhà nước Việt Nam quy định về quỹ tín dụng nhân dân và Thông tư số 32/2024/TT-NHNN ngày 30 tháng 6 năm 2024 của Thống đốc Ngân hàng Nhà nước Việt Nam quy định về mạng lưới hoạt động của ngân hàng thương mại. Điều 16. Trách nhiệm tổ chức thực hiện Thủ trưởng các đơn vị thuộc Ngân hàng Nhà nước Việt Nam"
186482,69/2025/TT-NHNN,26/2025/NĐ-CP,"Sửa đổi, bổ sung","chính Căn cứ Luật Ngân hàng Nhà nước Việt Nam số 46/2010/QH12; Căn cứ Luật Các tổ chức tín dụng số 32/2024/QH15 được sửa đổi, bổ sung bởi Luật số 96/2025/QH15; Căn cứ Nghị định số 26/2025/NĐ-CP của Chính phủ quy định chức năng, nhiệm vụ, quyền hạn và cơ cấu tổ chức của Ngân hàng Nhà nước Việt Nam; Theo đề nghị của Cục trưởng Cục An toàn hệ thống các tổ chức tín dụng; Thống đốc Ngân hàng Nhà nước Việt Nam ban h"
186482,69/2025/TT-NHNN,19/2013/TT,"Sửa đổi, bổ sung"," Nam trong lĩnh vực quản lý, giám sát ngân hàng liên quan đến cắt giảm điều kiện kinh doanh, đơn giản hóa thủ tục hành chính. Chương I SỬA ĐỔI, BỔ SUNG MỘT SỐ ĐIỀU CỦA THÔNG TƯ SỐ 19/2013/TT- NHNN CỦA THỐNG ĐỐC NGÂN HÀNG NHÀ NƯỚC VIỆT NAM QUY ĐỊNH VỀ VIỆC MUA, BÁN VÀ XỬ LÝ NỢ XẤU CỦA CÔNG TY QUẢN LÝ TÀI SẢN CỦA CÁC TỔ CHỨC TÍN DỤNG VIỆT NAM Điều 1. Sửa đổi, bổ sung Điều 10 “ Điều 10. Chủ thể, mục đích và ng"
186482,69/2025/TT-NHNN,43/2015/TT,"Sửa đổi, bổ sung","ước quyết định các nội dung quy định tại điểm đ khoản 1 và khoản 3 Điều 16; khoản 2 Điều 32; khoản 2 Điều 37 Thông tư này.”. Chương II SỬA ĐỔI, BỔ SUNG MỘT SỐ ĐIỀU CỦA THÔNG TƯ SỐ 43/2015/TT- NHNN CỦA THỐNG ĐỐC NGÂN HÀNG NHÀ NƯỚC VIỆT NAM QUY ĐỊNH VỀ TỔ CHỨC VÀ HOẠT ĐỘNG CỦA PHÒNG GIAO DỊCH BƯU ĐIỆN TRỰC THUỘC NGÂN HÀNG THƯƠNG MẠI CỔ PHẦN LỘC PHÁT VIỆT NAM Điều 12. Sửa đổi, bổ sung điểm b khoản 3 Điều 10 “b"
186482,69/2025/TT-NHNN,53/2018/TT,"Sửa đổi, bổ sung","ịch bưu điện hoạt động tại địa điểm mới khi không đáp ứng các quy định tại khoản 2, khoản 4, khoản 5 Điều 8 Thông tư này.”. Chương III SỬA ĐỔI, BỔ SUNG MỘT SỐ ĐIỀU CỦA THÔNG TƯ SỐ 53/2018/TT- NHNN CỦA THỐNG ĐỐC NGÂN HÀNG NHÀ NƯỚC VIỆT NAM QUY ĐỊNH VỀ MẠNG LƯỚI HOẠT ĐỘNG CỦA TỔ CHỨC TÍN DỤNG PHI NGÂN HÀNG Điều 15. Bãi bỏ điểm đ khoản 1 Điều 6 Điều 16. Sửa đổi, bổ sung Điều 7 “Điều 7. Điều kiện thành lập chi "
186482,69/2025/TT-NHNN,53/2018/TT-NHNN,"Sửa đổi, bổ sung","ổ chức tín dụng phi ngân hàng duy trì giá trị thực của vốn điều lệ tối thiểu bằng mức vốn pháp định.”. Điều 24. Bãi bỏ Điều 24 Điều 25. Thay thế Phụ lục ban hành kèm theo Thông tư 53/2018/TT-NHNN Thay thế Phụ lục ban hành kèm theo Thông tư 53/2018/TT-NHNN bằng Phụ lục ban hành kèm theo Thông tư này. Chương IV SỬA ĐỔI, BỔ SUNG MỘT SỐ ĐIỀU CỦA THÔNG TƯ SỐ 62/2024/TT-NHNN CỦA THỐNG ĐỐC NGÂN HÀNG NHÀ NƯỚC VIỆT NAM Q"
186482,69/2025/TT-NHNN,62/2024/TT-NHNN,"Sửa đổi, bổ sung"," tư 53/2018/TT-NHNN Thay thế Phụ lục ban hành kèm theo Thông tư 53/2018/TT-NHNN bằng Phụ lục ban hành kèm theo Thông tư này. Chương IV SỬA ĐỔI, BỔ SUNG MỘT SỐ ĐIỀU CỦA THÔNG TƯ SỐ 62/2024/TT-NHNN CỦA THỐNG ĐỐC NGÂN HÀNG NHÀ NƯỚC VIỆT NAM QUY ĐỊNH VỀ ĐIỀU KIỆN, HỒ SƠ, THỦ TỤC CHẤP THUẬN VIỆC TỔ CHỨC LẠI NGÂN HÀNG THƯƠNG MẠI, TỔ CHỨC TÍN DỤNG PHI NGÂN HÀNG Điều 26. Bổ sung khoản 9 Điều 3 “9. Đơn vị đầu mối xử lý h"
186482,69/2025/TT-NHNN,14/2015/TT-NHNN,"Sửa đổi, bổ sung","có hiệu lực thi hành từ ngày 15 tháng 02 năm 2026 2. Kể từ ngày thông tư này có hiệu lực thi hành, các quy định sau đây hết hiệu lực thi hành: a) Khoản 8, khoản 14 Điều 1 Thông tư 14/2015/TT-NHNN sửa đổi bổ sung một số điều của Thông tư số 19/2013/TT-NHNN của Thống đốc Ngân hàng Nhà nước Việt Nam quy định về việc mua, bán và xử lý nợ xấu của Công ty Quản lý tài sản của các tổ chức tín dụng Việt Nam; b) Khoản 6 Đ"
186482,69/2025/TT-NHNN,19/2013/TT-NHNN,"Sửa đổi, bổ sung","gày thông tư này có hiệu lực thi hành, các quy định sau đây hết hiệu lực thi hành: a) Khoản 8, khoản 14 Điều 1 Thông tư 14/2015/TT-NHNN sửa đổi bổ sung một số điều của Thông tư số 19/2013/TT-NHNN của Thống đốc Ngân hàng Nhà nước Việt Nam quy định về việc mua, bán và xử lý nợ xấu của Công ty Quản lý tài sản của các tổ chức tín dụng Việt Nam; b) Khoản 6 Điều 1; cụm từ “các khoản 2, 3, 4 Điều 10” tại khoản 1 Điều 2"
186482,69/2025/TT-NHNN,03/2024/TT-NHNN,"Sửa đổi, bổ sung"," tín dụng Việt Nam; b) Khoản 6 Điều 1; cụm từ “các khoản 2, 3, 4 Điều 10” tại khoản 1 Điều 2; cụm từ ""khoản 2 Điều 12"", cụm từ ""các khoản 5, 6 Điều 13"" tại khoản 2 Điều 2 Thông tư 03/2024/TT-NHNN của Thống đốc Ngân hàng Nhà nước Việt Nam sửa đổi, bổ sung một số Điều của Thông tư số 19/2013/TT-NHNN của Thống đốc Ngân hàng Nhà nước Việt Nam quy định về việc mua, bán và xử lý nợ xấu của Công ty Quản lý tài sản của "
186482,69/2025/TT-NHNN,27/2022/TT-NHNN,"Sửa đổi, bổ sung","m quy định về việc mua, bán và xử lý nợ xấu của Công ty Quản lý tài sản của các tổ chức tín dụng Việt Nam; c) Cụm từ “điểm b khoản 3 Điều 10” tại điểm c khoản 5 Điều 1 Thông tư số 27/2022/TT-NHNN của Thống đốc Ngân hàng Nhà nước Việt Nam sửa đổi, bổ sung một số điều của các Thông tư quy định về phân cấp giải quyết thủ tục hành chính trong lĩnh vực thành lập và hoạt động ngân hàng; d) Khoản 7, khoản 9, khoản 14, "
186482,69/2025/TT-NHNN,30/2024/TT-NHNN,"Sửa đổi, bổ sung","của các Thông tư quy định về phân cấp giải quyết thủ tục hành chính trong lĩnh vực thành lập và hoạt động ngân hàng; d) Khoản 7, khoản 9, khoản 14, điểm c khoản 15 Điều 1 Thông tư 30/2024/TT-NHNN của Thống đốc Ngân hàng Nhà nước Việt Nam sửa đổi, bổ sung một số điều của các Thông tư quy định về hồ sơ, thủ tục chấp thuận những thay đổi và mạng lưới hoạt động của tổ chức tín dụng phi ngân hàng. Điều 39. Trách nhiệ"
186888,62/2025/TT-NHNN,26/2025/NĐ-CP,"Sửa đổi, bổ sung","vi mô Căn cứ Luật Ngân hàng Nhà nước Việt Nam số 46/2010/QH12; Căn cứ Luật Các tổ chức tín dụng số 32/2024/QH15 được sửa đổi, bổ sung bởi Luật số 96/2025/QH15; Căn cứ Nghị định số 26/2025/NĐ-CP của Chính phủ quy định chức năng, nhiệm vụ, quyền hạn và cơ cấu tổ chức của Ngân hàng Nhà nước Việt Nam; Theo đề nghị của Cục trưởng Cục An toàn hệ thống các tổ chức tín dụng; Thống đốc Ngân hàng Nhà nước Việt Nam ban h"
186888,62/2025/TT-NHNN,44/2011/TT-NHNN,bãi bỏ," kiểm toán nội bộ được giao. Chương V ĐIỀU KHOẢN THI HÀNH Điều 56. Điều khoản thi hành 1. Thông tư này có hiệu lực từ ngày 01 tháng 01 năm 2027. 2. Thông tư này bãi bỏ Thông tư số 44/2011/TT-NHNN ngày 29 tháng 12 năm 2011 của Thống đốc Ngân hàng Nhà nước Việt Nam quy định về hệ thống kiểm soát nội bộ và kiểm toán nội bộ của tổ chức tín dụng, chi nhánh ngân hàng nước ngoài. Điều 57. Trách nhiệm tổ chức thực hiện "
27257,44/2011/TT-NHNN,96/2008/NĐ-CP,Căn cứ,"ài Căn cứ Luật Ngân hàng Nhà nước Việt Nam số 46/2010/QH12 ngày 16 tháng 6 năm 2010; Căn cứ Luật Các tổ chức tín dụng số 47/2010/QH12 ngày 16 tháng 6 năm 2010; Căn cứ Nghị định số 96/2008/NĐ-CP ngày 26/8/2008 của Chính phủ quy định chức năng, nhiệm vụ, quyền hạn và cơ cấu tổ chức của Ngân hàng Nhà nước Việt Nam; Ngân hàng Nhà nước Việt Nam quy định về hệ thống kiểm soát nội bộ và kiểm toán nội bộ của tổ chức t"
27257,44/2011/TT-NHNN,36/2006/QĐ-NHNN,reference," định của Luật Các tổ chức tín dụng và quy định tại Thông tư này. Điều 39. Hiệu lực thi hành 1. Thông tư này có hiệu lực thi hành kể từ ngày 12 tháng 02 năm 2012. 2. Quyết định số 36/2006/QĐ-NHNN ngày 01/8/2006 của Thống đốc Ngân hàng Nhà nước ban hành Quy chế kiểm tra, kiểm soát nội bộ của tổ chức tín dụng và Quyết định số 37/2006/QĐ-NHNN ngày 01/8/2006 của Thống đốc Ngân hàng Nhà nước ban hành Quy chế kiểm toá"
27257,44/2011/TT-NHNN,37/2006/QĐ-NHNN,reference,"áng 02 năm 2012. 2. Quyết định số 36/2006/QĐ-NHNN ngày 01/8/2006 của Thống đốc Ngân hàng Nhà nước ban hành Quy chế kiểm tra, kiểm soát nội bộ của tổ chức tín dụng và Quyết định số 37/2006/QĐ-NHNN ngày 01/8/2006 của Thống đốc Ngân hàng Nhà nước ban hành Quy chế kiểm toán nội bộ của tổ chức tín dụng hết hiệu lực kể từ ngày Thông tư này có hiệu lực. Điều 40. Tổ chức thực hiện Chánh Văn phòng, Chánh Thanh tra, giám "
30402,202/2012/TT-BTC,17/2012/NĐ-CP,Căn cứ,", quản lý và công khai danh sách kiểm toán viên hành nghề kiểm toán ___________________ Căn cứ Luật Kiểm toán độc lập số 67/2011/QH12 ngày 29 tháng 3 năm 2011; Căn cứ Nghị định số 17/2012/NĐ-CP ngày 13/3/2012 của Chính phủ quy định chi tiết và hướng dẫn thi hành một số điều của Luật kiểm toán độc lập; Căn cứ Nghị định số 118/2008/NĐ-CP ngày 27/11/2008 của Chính phủ Quy định chức năng, nhiệm vụ, quyền hạn và cơ"
30402,202/2012/TT-BTC,118/2008/NĐ-CP,Căn cứ,"háng 3 năm 2011; Căn cứ Nghị định số 17/2012/NĐ-CP ngày 13/3/2012 của Chính phủ quy định chi tiết và hướng dẫn thi hành một số điều của Luật kiểm toán độc lập; Căn cứ Nghị định số 118/2008/NĐ-CP ngày 27/11/2008 của Chính phủ Quy định chức năng, nhiệm vụ, quyền hạn và cơ cấu tổ chức của Bộ Tài chính; Theo đề nghị của Vụ trưởng Vụ Chế độ kế toán và kiểm toán, Bộ trưởng Bộ Tài chính ban hành Thông tư hướng dẫn về "
30402,202/2012/TT-BTC,64/2004/TT-BTC,Thông tư số, cáo kiểm toán và báo cáo kết quả công tác soát xét. 4. Các quy định về đăng ký hành nghề kiểm toán của kiểm toán viên và quản lý kiểm toán viên hành nghề quy định tại Thông tư số 64/2004/TT-BTC ngày 29/6/2004 hướng dẫn thi hành một số điều của Nghị định số 105/2004/NĐ-CP ngày 30/3/2004 của Chính phủ về kiểm toán độc lập hết hiệu lực kể từ ngày Thông tư này có hiệu lực thi hành. Điều 18. Tổ chức thực hiện Vụ tr
30402,202/2012/TT-BTC,105/2004/NĐ-CP,Thông tư số,"ý hành nghề kiểm toán của kiểm toán viên và quản lý kiểm toán viên hành nghề quy định tại Thông tư số 64/2004/TT-BTC ngày 29/6/2004 hướng dẫn thi hành một số điều của Nghị định số 105/2004/NĐ-CP ngày 30/3/2004 của Chính phủ về kiểm toán độc lập hết hiệu lực kể từ ngày Thông tư này có hiệu lực thi hành. Điều 18. Tổ chức thực hiện Vụ trưởng Vụ Chế độ kế toán và kiểm toán, doanh nghiệp kiểm toán, kiểm toán viên hà"
38128,37/2014/TT-NHNN,156/2013/NĐ-CP,Căn cứ,"NG TƯ Q uy định việc thiết kế mẫu tiền, chế bản và quản lý in, đúc tiền Việt Nam ____________________ Căn cứ Luật Ngân hàng Nhà nước Việt Nam số 46/2010/QH12 ; Căn cứ Nghị định số 156/2013/NĐ-CP ngày 11/11/2013 của Chính phủ quy định chức năng, nhiệm vụ, quyền hạn và cơ cấu tổ chức của Ngân hàng Nhà nước Việt Nam; Căn cứ Nghị định số 40/2012/NĐ-CP ngày 02/5/2012 của Chính phủ về nghiệp vụ phát hành tiền; bảo qu"
38128,37/2014/TT-NHNN,40/2012/NĐ-CP,Căn cứ,"2 ; Căn cứ Nghị định số 156/2013/NĐ-CP ngày 11/11/2013 của Chính phủ quy định chức năng, nhiệm vụ, quyền hạn và cơ cấu tổ chức của Ngân hàng Nhà nước Việt Nam; Căn cứ Nghị định số 40/2012/NĐ-CP ngày 02/5/2012 của Chính phủ về nghiệp vụ phát hành tiền; bảo quản, vận chuyển tài sản quý và giấy tờ có giá trong hệ thống Ngân hàng Nhà nước, tổ chức tín dụng và chi nhánh ngân hàng nước ngoài; Theo đề nghị của Cục tr"
38128,37/2014/TT-NHNN,23/2009/TT-NHNN,thay thế," thiết kế đồng tiền, chế tạo bản in, khuôn đúc và in, đúc tiền. Điều 21. Điều khoản thi hành Thông tư này có hiệu lực thi hành từ ngày 12 tháng 01 năm 2015 và thay thế Thông tư số 23/2009/TT-NHNN ngày 02/12/2009 quy định việc thiết kế mẫu, chế bản và quản lý in, đúc tiền Việt Nam. Điều 22. Trách nhiệm tổ chức thực hiện Chánh Văn phòng, Cục trưởng Cục Phát hành và Kho quỹ, Vụ trưởng Vụ Kiểm toán nội bộ, Thủ trưởn"
44209,01/2014/TT-NHNN,156/2013/NĐ-CP,Căn cứ,"iá Căn cứ Luật Ngân hàng Nhà nước Việt Nam số 46/2010/QH12 ngày 16 tháng 6 năm 2010; Căn cứ Luật Các tổ chức tín dụng số 47/2010/QH12 ngày 16 tháng 6 năm 2010; Căn cứ Nghị định số 156/2013/NĐ-CP ngày 11 tháng 11 năm 2013 của Chính phủ quy định chức năng, nhiệm vụ, quyền hạn và cơ cấu tổ chức của Ngân hàng Nhà nước Việt Nam; Căn cứ Nghị định số 40/2012/NĐ-CP ngày 02 tháng 5 năm 2012 của Chính phủ về nghiệp vụ ph"
44209,01/2014/TT-NHNN,40/2012/NĐ-CP,Căn cứ," Nghị định số 156/2013/NĐ-CP ngày 11 tháng 11 năm 2013 của Chính phủ quy định chức năng, nhiệm vụ, quyền hạn và cơ cấu tổ chức của Ngân hàng Nhà nước Việt Nam; Căn cứ Nghị định số 40/2012/NĐ-CP ngày 02 tháng 5 năm 2012 của Chính phủ về nghiệp vụ phát hành tiền; bảo quản, vận chuyển tài sản quý và giấy tờ có giá trong hệ thống Ngân hàng Nhà nước, tổ chức tín dụng và chi nhánh ngân hàng nước ngoài; Theo đề nghị "
44209,01/2014/TT-NHNN,60/2006/QĐ-NHNN,"Sửa đổi, bổ sung","u 72. Hiệu lực thi hành 1. Thông tư này có hiệu lực thi hành kể từ ngày 20/02/2014. 2. Kể từ ngày Thông tư này có hiệu lực, các văn bản sau hết hiệu lực thi hành: a) Quyết định số 60/2006/QĐ-NHNN ngày 27/12/2006 của Thống đốc Ngân hàng Nhà nước ban hành Chế độ giao nhận, bảo quản, vận chuyển tiền mặt, tài sản quý, giấy tờ có giá; b) Quyết định số 27/2007/QĐ-NHNN ngày 21/6/2007 sửa đổi, bổ sung một số Điều của Ch"
44209,01/2014/TT-NHNN,27/2007/QĐ-NHNN,"Sửa đổi, bổ sung","ết định số 60/2006/QĐ-NHNN ngày 27/12/2006 của Thống đốc Ngân hàng Nhà nước ban hành Chế độ giao nhận, bảo quản, vận chuyển tiền mặt, tài sản quý, giấy tờ có giá; b) Quyết định số 27/2007/QĐ-NHNN ngày 21/6/2007 sửa đổi, bổ sung một số Điều của Chế độ giao nhận, bảo quản, vận chuyển tiền mặt, tài sản quý, giấy tờ có giá ban hành theo Quyết định số 60/2006/QĐ-NHNN; c) Thông tư số 21/2011/TT-NHNN ngày 30/8/2011 sửa"
44209,01/2014/TT-NHNN,21/2011/TT-NHNN,"Sửa đổi, bổ sung","21/6/2007 sửa đổi, bổ sung một số Điều của Chế độ giao nhận, bảo quản, vận chuyển tiền mặt, tài sản quý, giấy tờ có giá ban hành theo Quyết định số 60/2006/QĐ-NHNN; c) Thông tư số 21/2011/TT-NHNN ngày 30/8/2011 sửa đổi, bổ sung Khoản 5 Điều 3 Chế độ giao nhận, bảo quản, vận chuyển tiền mặt, tài sản quý, giấy tờ có giá ban hành theo Quyết định số 60/2006/QĐ-NHNN. Điều 73. Trách nhiệm tổ chức thi hành Chánh Văn ph"
6e689cd0-6f81-11f1-94d6-fd5d6d5ff793,52/VBHN-NHNN,56/2024/TT-NHNN,Thông tư số," lập - Tự do - Hạnh phúc THÔNG TƯ Quy định hồ sơ, thủ tục cấp Giấy phép lần đầu của ngân hàng thương mại, chi nhánh ngân hàng nước ngoài, văn phòng đại diện nước ngoài Thông tư số 56/2024/TT-NHNN ngày 24 tháng 12 năm 2024 của Thống đốc Ngân hàng Nhà nước Việt Nam quy định hồ sơ, thủ tục cấp Giấy phép lần đầu của ngân hàng thương mại, chi nhánh ngân hàng nước ngoài, văn phòng đại diện nước ngoài, có hiệu lực kể t"
6e689cd0-6f81-11f1-94d6-fd5d6d5ff793,52/VBHN-NHNN,12/2025/TT-NHNN,"Sửa đổi, bổ sung"," đầu của ngân hàng thương mại, chi nhánh ngân hàng nước ngoài, văn phòng đại diện nước ngoài, có hiệu lực kể từ ngày 24 tháng 12 năm 2024 được sửa đổi, bổ sung bởi: 1. Thông tư số 12/2025/TT-NHNN ngày 30 tháng 6 năm 2025 của Thống đốc Ngân hàng Nhà nước Việt Nam sửa đổi, bổ sung một số điều của các Thông tư quy định hồ sơ, thủ tục cấp Giấy phép lần đầu của ngân hàng thương mại, chi nhánh ngân hàng nước ngoài, vă"
6e689cd0-6f81-11f1-94d6-fd5d6d5ff793,52/VBHN-NHNN,11/2026/TT-NHNN,"Sửa đổi, bổ sung","ầu của ngân hàng thương mại, chi nhánh ngân hàng nước ngoài, văn phòng đại diện nước ngoài, tổ chức tín dụng phi ngân hàng, có hiệu lực từ ngày 14 tháng 8 năm 2025. 2. Thông tư số 11/2026/TT-NHNN ngày 19 tháng 5 năm 2026 của Thống đốc Ngân hàng Nhà nước Việt Nam phân cấp thực hiện thủ tục hành chính trong lĩnh vực thông tin tín dụng và sửa đổi, bổ sung một số điều của các Thông tư liên quan đến cắt giảm, đơn giả"
6e689cd0-6f81-11f1-94d6-fd5d6d5ff793,52/VBHN-NHNN,102/2022/NĐ-CP,Căn cứ,"c kể từ ngày 19 tháng 5 năm 2026. Căn cứ Luật Ngân hàng Nhà nước Việt Nam ngày 16 tháng 6 năm 2010; Căn cứ Luật Các tổ chức tín dụng ngày 18 tháng 01 năm 2024; Căn cứ Nghị định số 102/2022/NĐ-CP ngày 12 tháng 12 năm 2022 của Chính phủ quy định chức năng, nhiệm vụ, quyền hạn và cơ cấu tổ chức của Ngân hàng Nhà nước Việt Nam; Căn cứ Nghị định số 162/NĐ-CP ngày 20 tháng 12 năm 2024 của Chính phủ quy định điều kiện"
6e689cd0-6f81-11f1-94d6-fd5d6d5ff793,52/VBHN-NHNN,162/2024/NĐ-CP,Căn cứ," – Tự do – Hạnh phúc …, ngày … tháng … năm … VĂN BẢN CAM KẾT ĐÃ THỰC HIỆN ĐẦY ĐỦ NGHĨA VỤ THUẾ, BẢO HIỂM XÃ HỘI Kính gửi: Thống đốc Ngân hàng Nhà nước Việt Nam Căn cứ Nghị định số 162/2024/NĐ-CP ngày 20 tháng 12 năm 2024 của Chính phủ quy định điều kiện cấp Giấy phép đối với quỹ tín dụng nhân dân, tổ chức tài chính vi mô và điều kiện đối với chủ sở hữu của tổ chức tín dụng là công ty trách nhiệm hữu hạn một thà"
f69936f0-6937-11f1-a48d-29bc6b0fd706,17/VBHN-BTC,156/2020/NĐ-CP,"Sửa đổi, bổ sung","Ủ NGHĨA VIỆT NAM Độc lập - Tự do - Hạnh phúc __________________ NGHỊ ĐỊNH [1] Quy định xử phạt vi phạm hành chính trong lĩnh vực chứng khoán và thị trường chứng khoán Nghị định số 156/2020/NĐ-CP ngày 31 tháng 12 năm 2020 của Chính phủ quy định xử phạt vi phạm hành chính trong lĩnh vực chứng khoán và thị trường chứng khoán, có hiệu lực thi hành kể từ ngày 01 tháng 01 năm 2021, được sửa đổi, bổ sung bởi: Nghị địn"
f69936f0-6937-11f1-a48d-29bc6b0fd706,17/VBHN-BTC,128/2021/NĐ-CP,"Sửa đổi, bổ sung","định xử phạt vi phạm hành chính trong lĩnh vực chứng khoán và thị trường chứng khoán, có hiệu lực thi hành kể từ ngày 01 tháng 01 năm 2021, được sửa đổi, bổ sung bởi: Nghị định số 128/2021/NĐ-CP ngày 30 tháng 12 năm 2021 của Chính phủ sửa đổi, bổ sung một số điều của Nghị định số 156/2020/NĐ-CP ngày 31 tháng 12 năm 2020 của Chính phủ quy định xử phạt vi phạm hành chính trong lĩnh vực chứng khoán và thị trường c"
f69936f0-6937-11f1-a48d-29bc6b0fd706,17/VBHN-BTC,306/2025/NĐ-CP,"Sửa đổi, bổ sung","năm 2020 của Chính phủ quy định xử phạt vi phạm hành chính trong lĩnh vực chứng khoán và thị trường chứng khoán, có hiệu lực thi hành kể từ ngày 01 tháng 01 năm 2022. Nghị định số 306/2025/NĐ-CP ngày 25 tháng 11 năm 2025 của Chính phủ sửa đổi, bổ sung một số điều của Nghị định số 156/2020/NĐ-CP ngày 31 tháng 12 năm 2020 của Chính phủ quy định xử phạt vi phạm hành chính trong lĩnh vực chứng khoán và thị trường c"
f69936f0-6937-11f1-a48d-29bc6b0fd706,17/VBHN-BTC,158/2020/NĐ-CP,"Sửa đổi, bổ sung","h trong lĩnh vực chứng khoán và thị trường chứng khoán (được sửa đổi, bổ sung một số điều theo Nghị định số 128/2021/NĐ-CP ngày 30 tháng 12 năm 2021 của Chính phủ) và Nghị định số 158/2020/NĐ-CP ngày 31 tháng 12 năm 2020 của Chính phủ về chứng khoán phái sinh và thị trường chứng khoán phái sinh, có hiệu lực thi hành kể từ ngày 09 tháng 01 năm 2026. Căn cứ Luật Tổ chức Chính phủ ngày 19 tháng 6 năm 2015; Luật sử"
f69936f0-6937-11f1-a48d-29bc6b0fd706,17/VBHN-BTC,155/2020/NĐ-CP,Nghị định số,ừ 30.000.000 đồng đến 50.000.000 đồng đối với công ty đại chúng thực hiện thông báo thay đổi tỷ lệ sở hữu nước ngoài tối đa không đúng thời gian quy định tại Điều 141 Nghị định số 155/2020/NĐ-CP ngày 31 tháng 12 năm 2020 của Chính phủ quy định chi tiết thi hành một số điều của Luật Chứng khoán. 2. Phạt tiền từ 50.000.000 đồng đến 70.000.000 đồng đối với công ty đại chúng không thực hiện thông báo tỷ lệ sở hữu n
f69936f0-6937-11f1-a48d-29bc6b0fd706,17/VBHN-BTC,108/2013/NĐ-CP,"Sửa đổi, bổ sung","ả thi hành tại tổ chức của mình. Chương IV ĐIỀU KHOẢN THI HÀNH [180] Điều 52. Hiệu lực thi hành 1. Nghị định này có hiệu lực thi hành từ ngày 01 tháng 01 năm 2021. 2. Nghị định số 108/2013/NĐ-CP ngày 23 tháng 9 năm 2013 của Chính phủ quy định xử phạt vi phạm hành chính trong lĩnh vực chứng khoán và thị trường chứng khoán và Nghị định số 145/2016/NĐ-CP ngày 01 tháng 11 năm 2016 của Chính phủ sửa đổi, bổ sung một"
f69936f0-6937-11f1-a48d-29bc6b0fd706,17/VBHN-BTC,145/2016/NĐ-CP,"Sửa đổi, bổ sung","021. 2. Nghị định số 108/2013/NĐ-CP ngày 23 tháng 9 năm 2013 của Chính phủ quy định xử phạt vi phạm hành chính trong lĩnh vực chứng khoán và thị trường chứng khoán và Nghị định số 145/2016/NĐ-CP ngày 01 tháng 11 năm 2016 của Chính phủ sửa đổi, bổ sung một số điều của Nghị định số 108/2013/NĐ-CP ngày 23 tháng 9 năm 2013 của Chính phủ quy định xử phạt vi phạm hành chính trong lĩnh vực chứng khoán và thị trường ch"
